"unlist.a.","unlist.b.","unlist.c.","unlist.d.","Freq","anio","codigo"
"Iquique","No","Francia","Hombre",29,"2006",NA
"Iquique","No","Suecia","Hombre",22,"2006",NA
"Iquique","Si","China","Hombre",45,"2006",NA
"Iquique","No","China","Hombre",33,"2006",NA
"Iquique","No","Pakistán","Hombre",26,"2006",NA
"Iquique","No","Siria","Hombre",58,"2006",NA
"Iquique","No","Sri Lanka","Hombre",42,"2006",NA
"Iquique","Si","Cuba","Hombre",45,"2006",NA
"Iquique","No","Cuba","Hombre",313,"2006",NA
"Iquique","No","Haití","Hombre",151,"2006",NA
"Iquique","No","República Dominicana","Hombre",40,"2006",NA
"Iquique","Si","Argentina","Hombre",39,"2006",NA
"Iquique","No","Argentina","Hombre",42,"2006",NA
"Iquique","Si","Bolivia","Hombre",79,"2006",NA
"Iquique","No","Bolivia","Hombre",1848,"2006",NA
"Iquique","No sabe/No responde","Bolivia","Hombre",209,"2006",NA
"Iquique","No","Brasil","Hombre",101,"2006",NA
"Iquique","No","Colombia","Hombre",567,"2006",NA
"Iquique","No sabe/No responde","Colombia","Hombre",16,"2006",NA
"Iquique","No","Ecuador","Hombre",130,"2006",NA
"Iquique","No","Paraguay","Hombre",127,"2006",NA
"Iquique","No sabe/No responde","Paraguay","Hombre",17,"2006",NA
"Iquique","Si","Perú","Hombre",236,"2006",NA
"Iquique","No","Perú","Hombre",3604,"2006",NA
"Iquique","No sabe/No responde","Perú","Hombre",33,"2006",NA
"Iquique","Si","Venezuela","Hombre",38,"2006",NA
"Iquique","No","Venezuela","Hombre",196,"2006",NA
"Iquique","Si","España","Mujer",27,"2006",NA
"Iquique","No","España","Mujer",26,"2006",NA
"Iquique","No","Francia","Mujer",29,"2006",NA
"Iquique","Si","China","Mujer",35,"2006",NA
"Iquique","No","Indonesia","Mujer",46,"2006",NA
"Iquique","No","Sri Lanka","Mujer",42,"2006",NA
"Iquique","Si","Cuba","Mujer",45,"2006",NA
"Iquique","No","Cuba","Mujer",190,"2006",NA
"Iquique","No","Haití","Mujer",151,"2006",NA
"Iquique","No","México","Mujer",28,"2006",NA
"Iquique","No","República Dominicana","Mujer",146,"2006",NA
"Iquique","Si","Argentina","Mujer",23,"2006",NA
"Iquique","No","Argentina","Mujer",98,"2006",NA
"Iquique","Si","Bolivia","Mujer",25,"2006",NA
"Iquique","No","Bolivia","Mujer",3894,"2006",NA
"Iquique","No sabe/No responde","Bolivia","Mujer",412,"2006",NA
"Iquique","Si","Brasil","Mujer",20,"2006",NA
"Iquique","No","Colombia","Mujer",785,"2006",NA
"Iquique","Si","Ecuador","Mujer",26,"2006",NA
"Iquique","No","Ecuador","Mujer",310,"2006",NA
"Iquique","No","Paraguay","Mujer",231,"2006",NA
"Iquique","Si","Perú","Mujer",80,"2006",NA
"Iquique","No","Perú","Mujer",4413,"2006",NA
"Iquique","No sabe/No responde","Perú","Mujer",33,"2006",NA
"Iquique","No","Uruguay","Mujer",40,"2006",NA
"Iquique","No","Venezuela","Mujer",158,"2006",NA
"Iquique","No","Palestina","Mujer",20,"2006",NA
"Alto Hospicio","No","Cuba","Hombre",265,"2006",NA
"Alto Hospicio","Si","El Salvador","Hombre",29,"2006",NA
"Alto Hospicio","No","Argentina","Hombre",25,"2006",NA
"Alto Hospicio","No","Bolivia","Hombre",1565,"2006",NA
"Alto Hospicio","No sabe/No responde","Bolivia","Hombre",124,"2006",NA
"Alto Hospicio","No","Colombia","Hombre",383,"2006",NA
"Alto Hospicio","No","Ecuador","Hombre",35,"2006",NA
"Alto Hospicio","Si","Perú","Hombre",26,"2006",NA
"Alto Hospicio","No","Perú","Hombre",1632,"2006",NA
"Alto Hospicio","No","Venezuela","Hombre",234,"2006",NA
"Alto Hospicio","No","Holanda","Mujer",36,"2006",NA
"Alto Hospicio","No","El Salvador","Mujer",29,"2006",NA
"Alto Hospicio","No","México","Mujer",132,"2006",NA
"Alto Hospicio","No","Argentina","Mujer",39,"2006",NA
"Alto Hospicio","No","Bolivia","Mujer",2779,"2006",NA
"Alto Hospicio","No sabe/No responde","Bolivia","Mujer",124,"2006",NA
"Alto Hospicio","No","Colombia","Mujer",199,"2006",NA
"Alto Hospicio","Si","Ecuador","Mujer",35,"2006",NA
"Alto Hospicio","No","Ecuador","Mujer",207,"2006",NA
"Alto Hospicio","No","Paraguay","Mujer",60,"2006",NA
"Alto Hospicio","Si","Perú","Mujer",120,"2006",NA
"Alto Hospicio","No","Perú","Mujer",2193,"2006",NA
"Alto Hospicio","No sabe/No responde","Perú","Mujer",25,"2006",NA
"Alto Hospicio","No","Venezuela","Mujer",265,"2006",NA
"Pozo Almonte","No","Alemania","Hombre",43,"2006",NA
"Pozo Almonte","No","Bolivia","Hombre",837,"2006",NA
"Pozo Almonte","No","Colombia","Hombre",197,"2006",NA
"Pozo Almonte","No","Ecuador","Hombre",53,"2006",NA
"Pozo Almonte","No","Perú","Hombre",91,"2006",NA
"Pozo Almonte","No","Bolivia","Mujer",637,"2006",NA
"Pozo Almonte","No","Brasil","Mujer",79,"2006",NA
"Pozo Almonte","No","Colombia","Mujer",197,"2006",NA
"Pozo Almonte","No","Paraguay","Mujer",53,"2006",NA
"Pozo Almonte","No","Perú","Mujer",139,"2006",NA
"Camiña","No","Bolivia","Mujer",9,"2006",NA
"Camiña","No","Perú","Mujer",9,"2006",NA
"Huara","No","Bolivia","Hombre",110,"2006",NA
"Huara","No","Perú","Hombre",56,"2006",NA
"Huara","No","Bolivia","Mujer",110,"2006",NA
"Huara","No","Perú","Mujer",22,"2006",NA
"Pica","No","Bolivia","Hombre",423,"2006",NA
"Pica","No","Bolivia","Mujer",798,"2006",NA
"Antofagasta","Si","China","Hombre",39,"2006",NA
"Antofagasta","No","India","Hombre",51,"2006",NA
"Antofagasta","No sabe/No responde","Israel","Hombre",60,"2006",NA
"Antofagasta","Si","Argentina","Hombre",58,"2006",NA
"Antofagasta","No","Argentina","Hombre",112,"2006",NA
"Antofagasta","Si","Bolivia","Hombre",146,"2006",NA
"Antofagasta","No","Bolivia","Hombre",1389,"2006",NA
"Antofagasta","No sabe/No responde","Bolivia","Hombre",60,"2006",NA
"Antofagasta","Si","Colombia","Hombre",114,"2006",NA
"Antofagasta","No","Colombia","Hombre",3225,"2006",NA
"Antofagasta","No sabe/No responde","Colombia","Hombre",71,"2006",NA
"Antofagasta","No","Paraguay","Hombre",142,"2006",NA
"Antofagasta","Si","Perú","Hombre",138,"2006",NA
"Antofagasta","No","Perú","Hombre",1170,"2006",NA
"Antofagasta","No sabe/No responde","Perú","Hombre",135,"2006",NA
"Antofagasta","Si","Uruguay","Hombre",78,"2006",NA
"Antofagasta","Si","Venezuela","Hombre",104,"2006",NA
"Antofagasta","No","Venezuela","Hombre",390,"2006",NA
"Antofagasta","Si","España","Mujer",45,"2006",NA
"Antofagasta","No","España","Mujer",73,"2006",NA
"Antofagasta","No","China","Mujer",207,"2006",NA
"Antofagasta","No","México","Mujer",47,"2006",NA
"Antofagasta","No sabe/No responde","México","Mujer",73,"2006",NA
"Antofagasta","Si","Argentina","Mujer",137,"2006",NA
"Antofagasta","No","Argentina","Mujer",118,"2006",NA
"Antofagasta","Si","Bolivia","Mujer",217,"2006",NA
"Antofagasta","No","Bolivia","Mujer",1655,"2006",NA
"Antofagasta","No sabe/No responde","Bolivia","Mujer",122,"2006",NA
"Antofagasta","No","Colombia","Mujer",3545,"2006",NA
"Antofagasta","No sabe/No responde","Colombia","Mujer",142,"2006",NA
"Antofagasta","No","Ecuador","Mujer",142,"2006",NA
"Antofagasta","No","Paraguay","Mujer",142,"2006",NA
"Antofagasta","Si","Perú","Mujer",81,"2006",NA
"Antofagasta","No","Perú","Mujer",1892,"2006",NA
"Antofagasta","No sabe/No responde","Perú","Mujer",238,"2006",NA
"Antofagasta","No","Venezuela","Mujer",674,"2006",NA
"Mejillones","No","Bolivia","Hombre",57,"2006",NA
"Mejillones","No","Colombia","Hombre",142,"2006",NA
"Mejillones","No","Bolivia","Mujer",393,"2006",NA
"Mejillones","No","Colombia","Mujer",142,"2006",NA
"Sierra Gorda","No","Perú","Hombre",74,"2006",NA
"Sierra Gorda","No","Bolivia","Mujer",48,"2006",NA
"Sierra Gorda","No","Perú","Mujer",74,"2006",NA
"Taltal","No","Bolivia","Mujer",23,"2006",NA
"Calama","No","Bolivia","Hombre",1593,"2006",NA
"Calama","Si","Brasil","Hombre",51,"2006",NA
"Calama","No","Colombia","Hombre",439,"2006",NA
"Calama","No sabe/No responde","Ecuador","Hombre",61,"2006",NA
"Calama","No","Perú","Hombre",258,"2006",NA
"Calama","Si","Bolivia","Mujer",108,"2006",NA
"Calama","No","Bolivia","Mujer",2613,"2006",NA
"Calama","No sabe/No responde","Bolivia","Mujer",210,"2006",NA
"Calama","No","Colombia","Mujer",449,"2006",NA
"Calama","Si","Ecuador","Mujer",120,"2006",NA
"Calama","No sabe/No responde","Ecuador","Mujer",61,"2006",NA
"Calama","No","Paraguay","Mujer",177,"2006",NA
"Calama","No","Perú","Mujer",660,"2006",NA
"Calama","No sabe/No responde","No Responde","Mujer",91,"2006",NA
"San Pedro de Atacama","No","Bolivia","Hombre",192,"2006",NA
"San Pedro de Atacama","No","Colombia","Hombre",37,"2006",NA
"San Pedro de Atacama","No","Perú","Hombre",97,"2006",NA
"San Pedro de Atacama","No","Panamá","Mujer",37,"2006",NA
"San Pedro de Atacama","No","Argentina","Mujer",27,"2006",NA
"San Pedro de Atacama","No","Bolivia","Mujer",335,"2006",NA
"San Pedro de Atacama","No","Perú","Mujer",60,"2006",NA
"Tocopilla","Si","Bolivia","Hombre",49,"2006",NA
"Tocopilla","No","Colombia","Hombre",353,"2006",NA
"Tocopilla","No","Perú","Hombre",135,"2006",NA
"Tocopilla","No","No Responde","Hombre",70,"2006",NA
"Tocopilla","No","Bolivia","Mujer",125,"2006",NA
"Tocopilla","No","Colombia","Mujer",171,"2006",NA
"Tocopilla","No","Perú","Mujer",50,"2006",NA
"Tocopilla","Si","No Responde","Mujer",70,"2006",NA
"María Elena","No","Bolivia","Hombre",6,"2006",NA
"María Elena","No","Colombia","Hombre",14,"2006",NA
"María Elena","No","Argentina","Mujer",14,"2006",NA
"María Elena","No","Bolivia","Mujer",57,"2006",NA
"María Elena","No sabe/No responde","Bolivia","Mujer",14,"2006",NA
"María Elena","No","Colombia","Mujer",14,"2006",NA
"Copiapó","No","Cuba","Hombre",29,"2006",NA
"Copiapó","No","Argentina","Hombre",251,"2006",NA
"Copiapó","No","Bolivia","Hombre",186,"2006",NA
"Copiapó","No","Brasil","Hombre",33,"2006",NA
"Copiapó","Si","Colombia","Hombre",48,"2006",NA
"Copiapó","No","Colombia","Hombre",675,"2006",NA
"Copiapó","Si","Perú","Hombre",48,"2006",NA
"Copiapó","No","Perú","Hombre",214,"2006",NA
"Copiapó","No","Uruguay","Hombre",99,"2006",NA
"Copiapó","Si","Venezuela","Hombre",48,"2006",NA
"Copiapó","Si","Estados Unidos","Mujer",42,"2006",NA
"Copiapó","No","Argentina","Mujer",64,"2006",NA
"Copiapó","No","Bolivia","Mujer",216,"2006",NA
"Copiapó","No","Colombia","Mujer",664,"2006",NA
"Copiapó","No sabe/No responde","Colombia","Mujer",51,"2006",NA
"Copiapó","No","Paraguay","Mujer",27,"2006",NA
"Copiapó","No","Perú","Mujer",338,"2006",NA
"Copiapó","Si","Uruguay","Mujer",53,"2006",NA
"Copiapó","No","Uruguay","Mujer",106,"2006",NA
"Copiapó","No","Venezuela","Mujer",48,"2006",NA
"Caldera","No","Colombia","Mujer",110,"2006",NA
"Tierra Amarilla","No","Bolivia","Mujer",115,"2006",NA
"Diego de Almagro","No","República Dominicana","Mujer",24,"2006",NA
"Vallenar","No","Bolivia","Hombre",88,"2006",NA
"Vallenar","No","Colombia","Hombre",117,"2006",NA
"Vallenar","No","Perú","Hombre",74,"2006",NA
"Vallenar","No","Venezuela","Hombre",37,"2006",NA
"Vallenar","No","España","Mujer",38,"2006",NA
"Vallenar","No","Bolivia","Mujer",56,"2006",NA
"Vallenar","No","Colombia","Mujer",166,"2006",NA
"Freirina","No","Perú","Hombre",37,"2006",NA
"Freirina","No","Ecuador","Mujer",20,"2006",NA
"La Serena","No","Cuba","Hombre",72,"2006",NA
"La Serena","No","Estados Unidos","Hombre",77,"2006",NA
"La Serena","No","Haití","Hombre",189,"2006",NA
"La Serena","No","Colombia","Hombre",143,"2006",NA
"La Serena","No","Ecuador","Hombre",236,"2006",NA
"La Serena","No","Perú","Hombre",126,"2006",NA
"La Serena","No","Venezuela","Hombre",144,"2006",NA
"La Serena","No","México","Mujer",181,"2006",NA
"La Serena","No","Argentina","Mujer",120,"2006",NA
"La Serena","No","Bolivia","Mujer",48,"2006",NA
"La Serena","Si","Colombia","Mujer",103,"2006",NA
"La Serena","No","Colombia","Mujer",189,"2006",NA
"La Serena","No","Ecuador","Mujer",354,"2006",NA
"La Serena","No","Perú","Mujer",41,"2006",NA
"La Serena","No","Venezuela","Mujer",96,"2006",NA
"Coquimbo","No","Haití","Hombre",1371,"2006",NA
"Coquimbo","No","Argentina","Hombre",98,"2006",NA
"Coquimbo","No","Colombia","Hombre",353,"2006",NA
"Coquimbo","No","Perú","Hombre",103,"2006",NA
"Coquimbo","No","Rusia","Mujer",114,"2006",NA
"Coquimbo","No","Haití","Mujer",273,"2006",NA
"Coquimbo","No","República Dominicana","Mujer",128,"2006",NA
"Coquimbo","No","Argentina","Mujer",78,"2006",NA
"Coquimbo","No","Colombia","Mujer",657,"2006",NA
"Coquimbo","No","Ecuador","Mujer",97,"2006",NA
"Coquimbo","No","Perú","Mujer",69,"2006",NA
"Vicuña","No","Haití","Hombre",75,"2006",NA
"Illapel","No","Venezuela","Hombre",196,"2006",NA
"Illapel","No","Venezuela","Mujer",196,"2006",NA
"Canela","No","Colombia","Mujer",13,"2006",NA
"Los Vilos","No","Estados Unidos","Mujer",14,"2006",NA
"Salamanca","No","Noruega","Hombre",72,"2006",NA
"Salamanca","No","Perú","Mujer",153,"2006",NA
"Ovalle","No","Haití","Hombre",273,"2006",NA
"Ovalle","No","Colombia","Hombre",196,"2006",NA
"Ovalle","No","Perú","Hombre",30,"2006",NA
"Ovalle","No","Venezuela","Hombre",155,"2006",NA
"Ovalle","No","Haití","Mujer",182,"2006",NA
"Ovalle","No","Argentina","Mujer",178,"2006",NA
"Ovalle","No","Colombia","Mujer",404,"2006",NA
"Ovalle","No","Perú","Mujer",60,"2006",NA
"Ovalle","No","Venezuela","Mujer",30,"2006",NA
"Combarbalá","Si","Brasil","Hombre",15,"2006",NA
"Combarbalá","No","Brasil","Hombre",15,"2006",NA
"Combarbalá","Si","Ecuador","Mujer",100,"2006",NA
"Combarbalá","No","Perú","Mujer",100,"2006",NA
"Valparaíso","No","Francia","Hombre",159,"2006",NA
"Valparaíso","Si","Italia","Hombre",63,"2006",NA
"Valparaíso","No sabe/No responde","Italia","Hombre",128,"2006",NA
"Valparaíso","No","Turquía","Hombre",65,"2006",NA
"Valparaíso","No","Brasil","Hombre",108,"2006",NA
"Valparaíso","No","Ecuador","Hombre",94,"2006",NA
"Valparaíso","No","Perú","Hombre",440,"2006",NA
"Valparaíso","No","Venezuela","Hombre",565,"2006",NA
"Valparaíso","No sabe/No responde","Venezuela","Hombre",65,"2006",NA
"Valparaíso","No","España","Mujer",100,"2006",NA
"Valparaíso","No","Francia","Mujer",81,"2006",NA
"Valparaíso","No","Italia","Mujer",85,"2006",NA
"Valparaíso","No","Argentina","Mujer",81,"2006",NA
"Valparaíso","Si","Brasil","Mujer",65,"2006",NA
"Valparaíso","No","Brasil","Mujer",117,"2006",NA
"Valparaíso","No","Colombia","Mujer",30,"2006",NA
"Valparaíso","No","Perú","Mujer",266,"2006",NA
"Valparaíso","No","Venezuela","Mujer",708,"2006",NA
"Casablanca","No","Haití","Hombre",1117,"2006",NA
"Casablanca","No","Haití","Mujer",709,"2006",NA
"Concón","Si","Italia","Hombre",190,"2006",NA
"Concón","No","Argentina","Hombre",127,"2006",NA
"Concón","Si","Perú","Mujer",297,"2006",NA
"Concón","No","Venezuela","Mujer",261,"2006",NA
"Puchuncaví","No","Alemania","Hombre",61,"2006",NA
"Puchuncaví","No","Colombia","Mujer",61,"2006",NA
"Quintero","No","Haití","Hombre",501,"2006",NA
"Quintero","No","Colombia","Hombre",59,"2006",NA
"Quintero","No","Ecuador","Hombre",109,"2006",NA
"Quintero","No","Haití","Mujer",334,"2006",NA
"Quintero","No","Argentina","Mujer",59,"2006",NA
"Quintero","No","Ecuador","Mujer",218,"2006",NA
"Quintero","No","Perú","Mujer",109,"2006",NA
"Viña del Mar","Si","Alemania","Hombre",135,"2006",NA
"Viña del Mar","Si","Bélgica","Hombre",130,"2006",NA
"Viña del Mar","Si","España","Hombre",68,"2006",NA
"Viña del Mar","No","Francia","Hombre",248,"2006",NA
"Viña del Mar","No","Italia","Hombre",280,"2006",NA
"Viña del Mar","Si","Reino Unido","Hombre",127,"2006",NA
"Viña del Mar","No","Estados Unidos","Hombre",37,"2006",NA
"Viña del Mar","No","México","Hombre",83,"2006",NA
"Viña del Mar","No","Argentina","Hombre",607,"2006",NA
"Viña del Mar","No","Brasil","Hombre",84,"2006",NA
"Viña del Mar","Si","Colombia","Hombre",62,"2006",NA
"Viña del Mar","Si","Perú","Hombre",107,"2006",NA
"Viña del Mar","No","Perú","Hombre",268,"2006",NA
"Viña del Mar","No","Venezuela","Hombre",123,"2006",NA
"Viña del Mar","Si","España","Mujer",68,"2006",NA
"Viña del Mar","No","España","Mujer",354,"2006",NA
"Viña del Mar","Si","Italia","Mujer",89,"2006",NA
"Viña del Mar","No","Italia","Mujer",263,"2006",NA
"Viña del Mar","No","Reino Unido","Mujer",34,"2006",NA
"Viña del Mar","No","Costa Rica","Mujer",135,"2006",NA
"Viña del Mar","No","Nicaragua","Mujer",66,"2006",NA
"Viña del Mar","No","República Dominicana","Mujer",65,"2006",NA
"Viña del Mar","Si","Argentina","Mujer",134,"2006",NA
"Viña del Mar","No","Argentina","Mujer",201,"2006",NA
"Viña del Mar","Si","Brasil","Mujer",98,"2006",NA
"Viña del Mar","No","Brasil","Mujer",84,"2006",NA
"Viña del Mar","Si","Colombia","Mujer",106,"2006",NA
"Viña del Mar","No","Colombia","Mujer",212,"2006",NA
"Viña del Mar","No","Perú","Mujer",320,"2006",NA
"Viña del Mar","No","Venezuela","Mujer",394,"2006",NA
"Los Andes","No","Argentina","Hombre",61,"2006",NA
"Los Andes","No","Colombia","Hombre",181,"2006",NA
"Los Andes","No sabe/No responde","Colombia","Hombre",74,"2006",NA
"Los Andes","No","Argentina","Mujer",61,"2006",NA
"Los Andes","No","Colombia","Mujer",257,"2006",NA
"Calle Larga","No","Argentina","Hombre",143,"2006",NA
"Calle Larga","Si","Brasil","Mujer",45,"2006",NA
"Rinconada","No","Venezuela","Hombre",42,"2006",NA
"Rinconada","No","Venezuela","Mujer",42,"2006",NA
"San Esteban","No","España","Hombre",92,"2006",NA
"San Esteban","Si","Argentina","Hombre",65,"2006",NA
"San Esteban","No","Colombia","Hombre",97,"2006",NA
"San Esteban","No","Colombia","Mujer",97,"2006",NA
"La Ligua","No","Argentina","Hombre",91,"2006",NA
"La Ligua","No","Colombia","Hombre",122,"2006",NA
"La Ligua","Si","Venezuela","Hombre",186,"2006",NA
"La Ligua","No","Venezuela","Hombre",186,"2006",NA
"La Ligua","No","Bolivia","Mujer",77,"2006",NA
"La Ligua","No","Venezuela","Mujer",372,"2006",NA
"Cabildo","Si","Argentina","Hombre",138,"2006",NA
"Cabildo","No","Ecuador","Mujer",129,"2006",NA
"Petorca","No","Haití","Hombre",82,"2006",NA
"Petorca","No","Haití","Mujer",54,"2006",NA
"Petorca","No","Brasil","Mujer",32,"2006",NA
"Quillota","No","Cuba","Hombre",97,"2006",NA
"Quillota","No","Haití","Hombre",180,"2006",NA
"Quillota","No","Argentina","Hombre",85,"2006",NA
"Quillota","No","Perú","Hombre",74,"2006",NA
"Quillota","No","Venezuela","Hombre",610,"2006",NA
"Quillota","No","Portugal","Mujer",54,"2006",NA
"Quillota","No","Cuba","Mujer",97,"2006",NA
"Quillota","No","Haití","Mujer",90,"2006",NA
"Quillota","No","Perú","Mujer",148,"2006",NA
"Quillota","No","Venezuela","Mujer",1176,"2006",NA
"Calera","No","Costa Rica","Hombre",91,"2006",NA
"Calera","No","Haití","Hombre",1037,"2006",NA
"Calera","No","Haití","Mujer",176,"2006",NA
"Calera","No","Venezuela","Mujer",112,"2006",NA
"Hijuelas","No","Bolivia","Hombre",89,"2006",NA
"Hijuelas","No","Argentina","Mujer",52,"2006",NA
"Hijuelas","No","Bolivia","Mujer",89,"2006",NA
"San Antonio","No","Turquía","Hombre",67,"2006",NA
"San Antonio","Si","Argentina","Hombre",31,"2006",NA
"San Antonio","No","Bolivia","Hombre",31,"2006",NA
"San Antonio","No","Colombia","Hombre",126,"2006",NA
"San Antonio","No","Perú","Hombre",141,"2006",NA
"San Antonio","Si","Argentina","Mujer",31,"2006",NA
"San Antonio","No","Argentina","Mujer",31,"2006",NA
"San Antonio","No","Colombia","Mujer",225,"2006",NA
"San Antonio","No","Ecuador","Mujer",142,"2006",NA
"San Antonio","No","Venezuela","Mujer",126,"2006",NA
"Algarrobo","No","Colombia","Mujer",188,"2006",NA
"Cartagena","No","Brasil","Mujer",273,"2006",NA
"Santo Domingo","No","Canadá","Hombre",19,"2006",NA
"San Felipe","No","Rusia","Hombre",66,"2006",NA
"San Felipe","No","Haití","Hombre",276,"2006",NA
"San Felipe","No","Colombia","Hombre",286,"2006",NA
"San Felipe","No","Rusia","Mujer",66,"2006",NA
"San Felipe","No","Haití","Mujer",184,"2006",NA
"San Felipe","No","República Dominicana","Mujer",76,"2006",NA
"San Felipe","No","Colombia","Mujer",76,"2006",NA
"Catemu","No","República Democrática Del Congo","Hombre",36,"2006",NA
"Putaendo","No","Haití","Hombre",291,"2006",NA
"Putaendo","No","Haití","Mujer",156,"2006",NA
"Santa María","No","Perú","Hombre",30,"2006",NA
"Santa María","No","Brasil","Mujer",36,"2006",NA
"Santa María","No","Perú","Mujer",93,"2006",NA
"Quilpué","Si","Alemania","Hombre",106,"2006",NA
"Quilpué","Si","Noruega","Hombre",41,"2006",NA
"Quilpué","No","Argentina","Hombre",281,"2006",NA
"Quilpué","No","Bolivia","Hombre",170,"2006",NA
"Quilpué","No","Australia","Hombre",143,"2006",NA
"Quilpué","Si","España","Mujer",142,"2006",NA
"Quilpué","No","República Dominicana","Mujer",85,"2006",NA
"Quilpué","No","Colombia","Mujer",225,"2006",NA
"Quilpué","No","Perú","Mujer",272,"2006",NA
"Limache","No","Alemania","Hombre",15,"2006",NA
"Limache","No","Italia","Hombre",248,"2006",NA
"Limache","No","Venezuela","Hombre",4,"2006",NA
"Limache","No","Italia","Mujer",496,"2006",NA
"Limache","No","Canadá","Mujer",13,"2006",NA
"Limache","Si","Argentina","Mujer",8,"2006",NA
"Olmué","No","Puerto Rico","Mujer",114,"2006",NA
"Villa Alemana","Si","España","Hombre",180,"2006",NA
"Villa Alemana","No","Holanda","Hombre",75,"2006",NA
"Villa Alemana","No","Argentina","Hombre",238,"2006",NA
"Villa Alemana","No","Colombia","Hombre",234,"2006",NA
"Villa Alemana","No","Venezuela","Hombre",337,"2006",NA
"Villa Alemana","No","Alemania","Mujer",102,"2006",NA
"Villa Alemana","No","Cuba","Mujer",143,"2006",NA
"Villa Alemana","No","México","Mujer",114,"2006",NA
"Villa Alemana","No","Argentina","Mujer",123,"2006",NA
"Villa Alemana","No","Colombia","Mujer",363,"2006",NA
"Villa Alemana","No","Ecuador","Mujer",101,"2006",NA
"Villa Alemana","Si","Perú","Mujer",101,"2006",NA
"Villa Alemana","No","Venezuela","Mujer",223,"2006",NA
"Rancagua","No","Cuba","Hombre",58,"2006",NA
"Rancagua","No","Haití","Hombre",120,"2006",NA
"Rancagua","No","República Dominicana","Hombre",73,"2006",NA
"Rancagua","No","Argentina","Hombre",148,"2006",NA
"Rancagua","No","Bolivia","Hombre",79,"2006",NA
"Rancagua","No","Brasil","Hombre",93,"2006",NA
"Rancagua","No","Colombia","Hombre",279,"2006",NA
"Rancagua","No sabe/No responde","Colombia","Hombre",65,"2006",NA
"Rancagua","No","Ecuador","Hombre",79,"2006",NA
"Rancagua","No","Perú","Hombre",76,"2006",NA
"Rancagua","Si","Venezuela","Hombre",296,"2006",NA
"Rancagua","No","Venezuela","Hombre",774,"2006",NA
"Rancagua","No","Australia","Hombre",280,"2006",NA
"Rancagua","No","No Bien Especificado","Hombre",43,"2006",NA
"Rancagua","No","Cuba","Mujer",174,"2006",NA
"Rancagua","No","Haití","Mujer",60,"2006",NA
"Rancagua","No","República Dominicana","Mujer",73,"2006",NA
"Rancagua","No","Argentina","Mujer",63,"2006",NA
"Rancagua","No","Bolivia","Mujer",79,"2006",NA
"Rancagua","No","Brasil","Mujer",46,"2006",NA
"Rancagua","No","Colombia","Mujer",302,"2006",NA
"Rancagua","No sabe/No responde","Colombia","Mujer",130,"2006",NA
"Rancagua","No","Ecuador","Mujer",79,"2006",NA
"Rancagua","No","Perú","Mujer",168,"2006",NA
"Rancagua","Si","Venezuela","Mujer",148,"2006",NA
"Rancagua","No","Venezuela","Mujer",542,"2006",NA
"Codegua","No","Argentina","Hombre",54,"2006",NA
"Coinco","No","Haití","Mujer",34,"2006",NA
"Graneros","No","Cuba","Hombre",39,"2006",NA
"Graneros","No","Haití","Hombre",117,"2006",NA
"Graneros","No","Bolivia","Hombre",266,"2006",NA
"Graneros","No","Noruega","Mujer",42,"2006",NA
"Graneros","No","Cuba","Mujer",39,"2006",NA
"Graneros","No","Haití","Mujer",39,"2006",NA
"Graneros","No","Bolivia","Mujer",108,"2006",NA
"Machalí","Si","España","Hombre",367,"2006",NA
"Machalí","No","España","Hombre",72,"2006",NA
"Machalí","No","Perú","Hombre",250,"2006",NA
"Machalí","No","Marruecos","Mujer",41,"2006",NA
"Machalí","No","Perú","Mujer",250,"2006",NA
"Mostazal","No","Brasil","Mujer",36,"2006",NA
"Mostazal","No","Perú","Mujer",64,"2006",NA
"Peumo","Si","Argentina","Mujer",44,"2006",NA
"Pichidegua","No","Haití","Hombre",99,"2006",NA
"Pichidegua","No","Bolivia","Hombre",114,"2006",NA
"Pichidegua","No","Perú","Hombre",570,"2006",NA
"Pichidegua","No","Haití","Mujer",33,"2006",NA
"Pichidegua","No","Bolivia","Mujer",114,"2006",NA
"Pichidegua","No","Perú","Mujer",228,"2006",NA
"Rengo","No","Colombia","Hombre",49,"2006",NA
"Rengo","No","Perú","Hombre",99,"2006",NA
"Rengo","No","Venezuela","Hombre",59,"2006",NA
"Rengo","No","Bolivia","Mujer",57,"2006",NA
"Rengo","No","Colombia","Mujer",98,"2006",NA
"Rengo","No","Perú","Mujer",99,"2006",NA
"Rengo","No","Venezuela","Mujer",177,"2006",NA
"Pichilemu","Si","Estados Unidos","Mujer",70,"2006",NA
"Pichilemu","No","Argentina","Mujer",83,"2006",NA
"Litueche","No","Haití","Hombre",66,"2006",NA
"Litueche","No","Haití","Mujer",33,"2006",NA
"San Fernando","No","Francia","Hombre",54,"2006",NA
"San Fernando","No","Venezuela","Hombre",189,"2006",NA
"San Fernando","No","Hungría","Mujer",89,"2006",NA
"San Fernando","No","Colombia","Mujer",54,"2006",NA
"San Fernando","No","Venezuela","Mujer",63,"2006",NA
"Chimbarongo","No","Haití","Hombre",59,"2006",NA
"Chimbarongo","No","Haití","Mujer",177,"2006",NA
"Lolol","No","Haití","Hombre",13,"2006",NA
"Santa Cruz","Si","Cuba","Hombre",145,"2006",NA
"Santa Cruz","Si","Venezuela","Hombre",145,"2006",NA
"Santa Cruz","No","Venezuela","Hombre",452,"2006",NA
"Santa Cruz","No","No Responde","Hombre",49,"2006",NA
"Santa Cruz","No","Cuba","Mujer",145,"2006",NA
"Santa Cruz","Si","Venezuela","Mujer",145,"2006",NA
"Santa Cruz","No","Venezuela","Mujer",398,"2006",NA
"Santa Cruz","No","No Responde","Mujer",98,"2006",NA
"Talca","Si","Filipinas","Hombre",134,"2006",NA
"Talca","No","Cuba","Hombre",419,"2006",NA
"Talca","Si","Estados Unidos","Hombre",134,"2006",NA
"Talca","Si","Guatemala","Hombre",134,"2006",NA
"Talca","No","Haití","Hombre",514,"2006",NA
"Talca","No","Argentina","Hombre",166,"2006",NA
"Talca","No","Ecuador","Hombre",153,"2006",NA
"Talca","Si","Uruguay","Hombre",134,"2006",NA
"Talca","No","Venezuela","Hombre",417,"2006",NA
"Talca","Si","Alemania","Mujer",78,"2006",NA
"Talca","No","Cuba","Mujer",419,"2006",NA
"Talca","No","Haití","Mujer",193,"2006",NA
"Talca","No","Bolivia","Mujer",181,"2006",NA
"Talca","Si","Brasil","Mujer",86,"2006",NA
"Talca","No","Ecuador","Mujer",153,"2006",NA
"Talca","No","Venezuela","Mujer",383,"2006",NA
"Constitución","No","Colombia","Mujer",29,"2006",NA
"Maule","No","Haití","Hombre",102,"2006",NA
"Pelarco","No","Brasil","Hombre",31,"2006",NA
"San Clemente","No","Perú","Mujer",122,"2006",NA
"Cauquenes","No","Italia","Mujer",92,"2006",NA
"Chanco","No","Colombia","Hombre",12,"2006",NA
"Chanco","No","Colombia","Mujer",12,"2006",NA
"Pelluhue","No","Perú","Hombre",23,"2006",NA
"Curicó","No","España","Hombre",48,"2006",NA
"Curicó","Si","Francia","Hombre",309,"2006",NA
"Curicó","No sabe/No responde","Rusia","Hombre",30,"2006",NA
"Curicó","No","El Salvador","Hombre",47,"2006",NA
"Curicó","No","Haití","Hombre",423,"2006",NA
"Curicó","No","Argentina","Hombre",46,"2006",NA
"Curicó","Si","Colombia","Hombre",73,"2006",NA
"Curicó","No","Colombia","Hombre",133,"2006",NA
"Curicó","Si","Ecuador","Hombre",20,"2006",NA
"Curicó","No","Ecuador","Hombre",66,"2006",NA
"Curicó","No","Venezuela","Hombre",320,"2006",NA
"Curicó","Si","España","Mujer",186,"2006",NA
"Curicó","Si","Francia","Mujer",309,"2006",NA
"Curicó","No","Haití","Mujer",357,"2006",NA
"Curicó","Si","Argentina","Mujer",51,"2006",NA
"Curicó","Si","Colombia","Mujer",35,"2006",NA
"Curicó","No","Colombia","Mujer",119,"2006",NA
"Curicó","No","Ecuador","Mujer",88,"2006",NA
"Curicó","No","Paraguay","Mujer",25,"2006",NA
"Curicó","No","Venezuela","Mujer",292,"2006",NA
"Hualañé","No","Haití","Hombre",34,"2006",NA
"Hualañé","No","Brasil","Hombre",31,"2006",NA
"Licantén","No sabe/No responde","Argentina","Hombre",22,"2006",NA
"Rauco","No","Argentina","Hombre",45,"2006",NA
"Romeral","No","España","Hombre",91,"2006",NA
"Sagrada Familia","No","Argentina","Hombre",40,"2006",NA
"Sagrada Familia","No","Argentina","Mujer",40,"2006",NA
"Teno","No","Haití","Hombre",26,"2006",NA
"Linares","No","China","Hombre",36,"2006",NA
"Linares","No","Venezuela","Hombre",36,"2006",NA
"Linares","No","China","Mujer",36,"2006",NA
"Linares","No","Haití","Mujer",72,"2006",NA
"Longaví","No","Colombia","Hombre",52,"2006",NA
"Longaví","No","Colombia","Mujer",26,"2006",NA
"Parral","Si","Italia","Hombre",30,"2006",NA
"San Javier","No","Colombia","Mujer",60,"2006",NA
"Villa Alegre","No","Bolivia","Mujer",99,"2006",NA
"Yerbas Buenas","No","Haití","Hombre",20,"2006",NA
"Yerbas Buenas","No","Haití","Mujer",10,"2006",NA
"Concepción","Si","India","Hombre",51,"2006",NA
"Concepción","No","Nicaragua","Hombre",66,"2006",NA
"Concepción","No","Argentina","Hombre",58,"2006",NA
"Concepción","No","Ecuador","Hombre",317,"2006",NA
"Concepción","No","Perú","Hombre",616,"2006",NA
"Concepción","No","Venezuela","Hombre",1003,"2006",NA
"Concepción","No","Italia","Mujer",50,"2006",NA
"Concepción","No","Cuba","Mujer",415,"2006",NA
"Concepción","No","Argentina","Mujer",112,"2006",NA
"Concepción","Si","Colombia","Mujer",678,"2006",NA
"Concepción","No","Colombia","Mujer",790,"2006",NA
"Concepción","No","Ecuador","Mujer",371,"2006",NA
"Concepción","No","Perú","Mujer",172,"2006",NA
"Concepción","No","Venezuela","Mujer",902,"2006",NA
"Coronel","No","Haití","Hombre",458,"2006",NA
"Coronel","No","Bolivia","Hombre",68,"2006",NA
"Coronel","No","Venezuela","Hombre",30,"2006",NA
"Coronel","No","Haití","Mujer",106,"2006",NA
"Coronel","No","México","Mujer",56,"2006",NA
"Coronel","No","Bolivia","Mujer",68,"2006",NA
"Coronel","No","Venezuela","Mujer",30,"2006",NA
"Chiguayante","No","Bélgica","Hombre",85,"2006",NA
"Chiguayante","Si","Argentina","Hombre",80,"2006",NA
"Chiguayante","No","Argentina","Hombre",77,"2006",NA
"Chiguayante","No","Ecuador","Mujer",65,"2006",NA
"Chiguayante","No","Perú","Mujer",77,"2006",NA
"Florida","No","Israel","Hombre",26,"2006",NA
"Hualqui","No","Argentina","Mujer",114,"2006",NA
"Lota","No","Colombia","Hombre",90,"2006",NA
"Lota","No","Ecuador","Mujer",60,"2006",NA
"San Pedro de la Paz","No","Colombia","Hombre",118,"2006",NA
"San Pedro de la Paz","No","Perú","Hombre",368,"2006",NA
"San Pedro de la Paz","No","Brasil","Mujer",97,"2006",NA
"San Pedro de la Paz","No","Colombia","Mujer",118,"2006",NA
"San Pedro de la Paz","Si","Perú","Mujer",241,"2006",NA
"San Pedro de la Paz","No","Perú","Mujer",184,"2006",NA
"Talcahuano","Si","España","Hombre",58,"2006",NA
"Talcahuano","Si","Venezuela","Hombre",75,"2006",NA
"Talcahuano","No","Venezuela","Hombre",134,"2006",NA
"Talcahuano","No","Colombia","Mujer",43,"2006",NA
"Talcahuano","No","Venezuela","Mujer",75,"2006",NA
"Tomé","No","Reino Unido","Hombre",199,"2006",NA
"Hualpén","No","Bolivia","Mujer",65,"2006",NA
"Lebu","No","Haití","Hombre",216,"2006",NA
"Lebu","No","Haití","Mujer",144,"2006",NA
"Cañete","Si","Colombia","Hombre",88,"2006",NA
"Cañete","No","Colombia","Hombre",88,"2006",NA
"Cañete","No","Colombia","Mujer",88,"2006",NA
"Cañete","Si","Perú","Mujer",73,"2006",NA
"Curanilahue","No","Argentina","Hombre",23,"2006",NA
"Curanilahue","No","Perú","Hombre",75,"2006",NA
"Tirúa","No","Colombia","Mujer",55,"2006",NA
"Los Ángeles","Si","España","Hombre",137,"2006",NA
"Los Ángeles","No","Haití","Hombre",252,"2006",NA
"Los Ángeles","No","Honduras","Hombre",50,"2006",NA
"Los Ángeles","No","Colombia","Hombre",126,"2006",NA
"Los Ángeles","No","Ecuador","Hombre",71,"2006",NA
"Los Ángeles","Si","Venezuela","Hombre",71,"2006",NA
"Los Ángeles","Si","Alemania","Mujer",52,"2006",NA
"Los Ángeles","No","Estados Unidos","Mujer",63,"2006",NA
"Los Ángeles","No","Haití","Mujer",189,"2006",NA
"Los Ángeles","No","Argentina","Mujer",87,"2006",NA
"Los Ángeles","No","Colombia","Mujer",148,"2006",NA
"Los Ángeles","No","Ecuador","Mujer",71,"2006",NA
"Los Ángeles","Si","Venezuela","Mujer",71,"2006",NA
"Antuco","No","Argentina","Mujer",22,"2006",NA
"Cabrero","No","Haití","Hombre",95,"2006",NA
"Laja","No","Brasil","Hombre",81,"2006",NA
"Quilaco","No","Haití","Hombre",13,"2006",NA
"Quilaco","No","Perú","Mujer",38,"2006",NA
"San Rosendo","No","Perú","Mujer",15,"2006",NA
"Temuco","Si","Alemania","Hombre",41,"2006",NA
"Temuco","No","Cuba","Hombre",94,"2006",NA
"Temuco","No","Haití","Hombre",634,"2006",NA
"Temuco","No","Argentina","Hombre",57,"2006",NA
"Temuco","No","Colombia","Hombre",119,"2006",NA
"Temuco","Si","Perú","Hombre",115,"2006",NA
"Temuco","No","Perú","Hombre",246,"2006",NA
"Temuco","Si","Venezuela","Hombre",67,"2006",NA
"Temuco","No","Suecia","Mujer",77,"2006",NA
"Temuco","No","Haití","Mujer",396,"2006",NA
"Temuco","No","Argentina","Mujer",158,"2006",NA
"Temuco","No","Brasil","Mujer",78,"2006",NA
"Temuco","Si","Colombia","Mujer",492,"2006",NA
"Temuco","No","Colombia","Mujer",75,"2006",NA
"Temuco","No","Venezuela","Mujer",221,"2006",NA
"Cunco","No","Argentina","Hombre",68,"2006",NA
"Curarrehue","Si","No Responde","Hombre",54,"2006",NA
"Curarrehue","No","Argentina","Mujer",65,"2006",NA
"Curarrehue","Si","No Responde","Mujer",54,"2006",NA
"Galvarino","No","China","Hombre",28,"2006",NA
"Lautaro","No","Alemania","Mujer",76,"2006",NA
"Loncoche","No","Bolivia","Mujer",24,"2006",NA
"Melipeuco","No","Colombia","Mujer",36,"2006",NA
"Padre Las Casas","No","Argentina","Hombre",75,"2006",NA
"Padre Las Casas","No","Argentina","Mujer",47,"2006",NA
"Padre Las Casas","No","Paraguay","Mujer",91,"2006",NA
"Pitrufquén","No","Argentina","Mujer",90,"2006",NA
"Pitrufquén","No","Colombia","Mujer",74,"2006",NA
"Pucón","No","Finlandia","Hombre",125,"2006",NA
"Pucón","Si","México","Hombre",126,"2006",NA
"Pucón","No","Argentina","Hombre",71,"2006",NA
"Pucón","Si","Colombia","Hombre",205,"2006",NA
"Pucón","No","Argentina","Mujer",126,"2006",NA
"Toltén","No","Argentina","Mujer",18,"2006",NA
"Villarrica","No","Argentina","Hombre",86,"2006",NA
"Villarrica","No","Colombia","Hombre",73,"2006",NA
"Villarrica","No","Venezuela","Hombre",49,"2006",NA
"Villarrica","No","España","Mujer",63,"2006",NA
"Villarrica","Si","Venezuela","Mujer",151,"2006",NA
"Cholchol","No","Bolivia","Mujer",45,"2006",NA
"Angol","Si","Rusia","Mujer",68,"2006",NA
"Angol","No","Colombia","Mujer",144,"2006",NA
"Curacautín","No","España","Mujer",62,"2006",NA
"Curacautín","No","Argentina","Mujer",54,"2006",NA
"Renaico","No","Francia","Mujer",18,"2006",NA
"Victoria","No","Alemania","Hombre",86,"2006",NA
"Victoria","No","Argentina","Hombre",102,"2006",NA
"Victoria","No","Argentina","Mujer",51,"2006",NA
"Puerto Montt","Si","España","Hombre",105,"2006",NA
"Puerto Montt","No","Haití","Hombre",372,"2006",NA
"Puerto Montt","No","Argentina","Hombre",57,"2006",NA
"Puerto Montt","No","Brasil","Hombre",178,"2006",NA
"Puerto Montt","No","Perú","Hombre",51,"2006",NA
"Puerto Montt","No","Venezuela","Hombre",427,"2006",NA
"Puerto Montt","No","Lituania","Mujer",215,"2006",NA
"Puerto Montt","No","Haití","Mujer",470,"2006",NA
"Puerto Montt","No","Colombia","Mujer",344,"2006",NA
"Puerto Montt","No","Ecuador","Mujer",106,"2006",NA
"Puerto Montt","No","Venezuela","Mujer",363,"2006",NA
"Puerto Varas","No","Francia","Hombre",110,"2006",NA
"Puerto Varas","No","Italia","Hombre",23,"2006",NA
"Puerto Varas","No","Canadá","Hombre",23,"2006",NA
"Puerto Varas","Si","Estados Unidos","Hombre",110,"2006",NA
"Puerto Varas","No","Alemania","Mujer",110,"2006",NA
"Puerto Varas","No","Canadá","Mujer",88,"2006",NA
"Puerto Varas","No","Estados Unidos","Mujer",23,"2006",NA
"Puerto Varas","No","Argentina","Mujer",88,"2006",NA
"Puerto Varas","Si","Brasil","Mujer",23,"2006",NA
"Puerto Varas","No","Colombia","Mujer",20,"2006",NA
"Castro","No","Haití","Hombre",50,"2006",NA
"Castro","No","Colombia","Hombre",186,"2006",NA
"Castro","No","Haití","Mujer",50,"2006",NA
"Castro","No","México","Mujer",84,"2006",NA
"Castro","No","Colombia","Mujer",294,"2006",NA
"Castro","No","Perú","Mujer",87,"2006",NA
"Ancud","No","Estados Unidos","Hombre",73,"2006",NA
"Ancud","No","Ecuador","Hombre",84,"2006",NA
"Ancud","No","Ecuador","Mujer",168,"2006",NA
"Dalcahue","No","Argentina","Hombre",133,"2006",NA
"Dalcahue","No","Ecuador","Hombre",84,"2006",NA
"Dalcahue","No","Ecuador","Mujer",84,"2006",NA
"Quellón","No","Argentina","Hombre",22,"2006",NA
"Quellón","No","Colombia","Mujer",42,"2006",NA
"Quellón","No","Perú","Mujer",66,"2006",NA
"Osorno","No sabe/No responde","Alemania","Hombre",27,"2006",NA
"Osorno","No","España","Hombre",30,"2006",NA
"Osorno","No","Haití","Hombre",483,"2006",NA
"Osorno","No","Colombia","Hombre",31,"2006",NA
"Osorno","Si","Alemania","Mujer",27,"2006",NA
"Osorno","Si","Haití","Mujer",76,"2006",NA
"Osorno","No","Haití","Mujer",111,"2006",NA
"Osorno","No","Argentina","Mujer",45,"2006",NA
"Osorno","No","Colombia","Mujer",31,"2006",NA
"Osorno","Si","Ecuador","Mujer",65,"2006",NA
"Osorno","No","Ecuador","Mujer",139,"2006",NA
"San Juan de la Costa","No","Alemania","Mujer",72,"2006",NA
"San Juan de la Costa","No","Suiza","Mujer",72,"2006",NA
"San Pablo","No","Colombia","Hombre",32,"2006",NA
"San Pablo","Si","Alemania","Mujer",44,"2006",NA
"San Pablo","No","Alemania","Mujer",32,"2006",NA
"Coyhaique","Si","Alemania","Hombre",43,"2006",NA
"Coyhaique","Si","Francia","Hombre",17,"2006",NA
"Coyhaique","Si","Argentina","Hombre",48,"2006",NA
"Coyhaique","Si","Brasil","Hombre",15,"2006",NA
"Coyhaique","No","Colombia","Hombre",119,"2006",NA
"Coyhaique","No","Ecuador","Hombre",51,"2006",NA
"Coyhaique","No","Perú","Hombre",34,"2006",NA
"Coyhaique","No sabe/No responde","Perú","Hombre",17,"2006",NA
"Coyhaique","No","Venezuela","Hombre",123,"2006",NA
"Coyhaique","Si","Alemania","Mujer",43,"2006",NA
"Coyhaique","No","Estados Unidos","Mujer",23,"2006",NA
"Coyhaique","No","República Dominicana","Mujer",62,"2006",NA
"Coyhaique","Si","Argentina","Mujer",45,"2006",NA
"Coyhaique","No","Argentina","Mujer",54,"2006",NA
"Coyhaique","No sabe/No responde","Argentina","Mujer",13,"2006",NA
"Coyhaique","Si","Brasil","Mujer",30,"2006",NA
"Coyhaique","No","Brasil","Mujer",23,"2006",NA
"Coyhaique","Si","Colombia","Mujer",31,"2006",NA
"Coyhaique","No","Colombia","Mujer",200,"2006",NA
"Coyhaique","No","Ecuador","Mujer",34,"2006",NA
"Coyhaique","Si","Perú","Mujer",17,"2006",NA
"Coyhaique","No","Perú","Mujer",15,"2006",NA
"Coyhaique","No sabe/No responde","Perú","Mujer",17,"2006",NA
"Coyhaique","No","Venezuela","Mujer",29,"2006",NA
"Aysén","Si","España","Hombre",17,"2006",NA
"Aysén","No","Argentina","Hombre",32,"2006",NA
"Aysén","No","Bolivia","Hombre",37,"2006",NA
"Aysén","Si","Colombia","Hombre",49,"2006",NA
"Aysén","No","Colombia","Hombre",18,"2006",NA
"Aysén","No","Rumanía","Mujer",14,"2006",NA
"Aysén","No","República Dominicana","Mujer",37,"2006",NA
"Aysén","No","Argentina","Mujer",32,"2006",NA
"Aysén","No","Colombia","Mujer",55,"2006",NA
"Aysén","Si","Perú","Mujer",23,"2006",NA
"Cisnes","No","Argentina","Hombre",33,"2006",NA
"Punta Arenas","No","España","Hombre",15,"2006",NA
"Punta Arenas","No","Cuba","Hombre",16,"2006",NA
"Punta Arenas","No","Haití","Hombre",169,"2006",NA
"Punta Arenas","No","República Dominicana","Hombre",58,"2006",NA
"Punta Arenas","Si","Argentina","Hombre",38,"2006",NA
"Punta Arenas","No","Argentina","Hombre",195,"2006",NA
"Punta Arenas","Si","Brasil","Hombre",22,"2006",NA
"Punta Arenas","No","Brasil","Hombre",44,"2006",NA
"Punta Arenas","Si","Colombia","Hombre",19,"2006",NA
"Punta Arenas","No","Colombia","Hombre",290,"2006",NA
"Punta Arenas","No","Ecuador","Hombre",106,"2006",NA
"Punta Arenas","No","Paraguay","Hombre",23,"2006",NA
"Punta Arenas","No","Perú","Hombre",41,"2006",NA
"Punta Arenas","No","Venezuela","Hombre",19,"2006",NA
"Punta Arenas","No","España","Mujer",13,"2006",NA
"Punta Arenas","Si","Holanda","Mujer",15,"2006",NA
"Punta Arenas","No","Italia","Mujer",13,"2006",NA
"Punta Arenas","No","China","Mujer",14,"2006",NA
"Punta Arenas","No","Haití","Mujer",65,"2006",NA
"Punta Arenas","No","República Dominicana","Mujer",135,"2006",NA
"Punta Arenas","Si","Argentina","Mujer",61,"2006",NA
"Punta Arenas","No","Argentina","Mujer",156,"2006",NA
"Punta Arenas","Si","Colombia","Mujer",20,"2006",NA
"Punta Arenas","No","Colombia","Mujer",350,"2006",NA
"Punta Arenas","No sabe/No responde","Colombia","Mujer",24,"2006",NA
"Punta Arenas","No","Ecuador","Mujer",78,"2006",NA
"Punta Arenas","Si","Paraguay","Mujer",21,"2006",NA
"Punta Arenas","No","Paraguay","Mujer",125,"2006",NA
"Punta Arenas","No sabe/No responde","Paraguay","Mujer",15,"2006",NA
"Punta Arenas","No","Perú","Mujer",9,"2006",NA
"Punta Arenas","No","Uruguay","Mujer",38,"2006",NA
"Porvenir","No","República Dominicana","Hombre",60,"2006",NA
"Porvenir","No","Argentina","Hombre",5,"2006",NA
"Porvenir","No","República Dominicana","Mujer",30,"2006",NA
"Porvenir","No","Argentina","Mujer",45,"2006",NA
"Natales","No","República Dominicana","Hombre",35,"2006",NA
"Natales","No","Argentina","Hombre",32,"2006",NA
"Natales","No","Colombia","Hombre",288,"2006",NA
"Natales","No sabe/No responde","Colombia","Hombre",43,"2006",NA
"Natales","No","Paraguay","Hombre",70,"2006",NA
"Natales","Si","Perú","Hombre",21,"2006",NA
"Natales","Si","Venezuela","Hombre",43,"2006",NA
"Natales","No","Venezuela","Hombre",43,"2006",NA
"Natales","Si","Finlandia","Mujer",13,"2006",NA
"Natales","Si","Francia","Mujer",27,"2006",NA
"Natales","Si","Polonia","Mujer",23,"2006",NA
"Natales","No","República Dominicana","Mujer",105,"2006",NA
"Natales","No","Argentina","Mujer",27,"2006",NA
"Natales","No","Colombia","Mujer",341,"2006",NA
"Natales","No sabe/No responde","Colombia","Mujer",86,"2006",NA
"Natales","No","Venezuela","Mujer",50,"2006",NA
"Santiago","Si","España","Hombre",36,"2006",NA
"Santiago","Si","Francia","Hombre",225,"2006",NA
"Santiago","Si","Italia","Hombre",151,"2006",NA
"Santiago","No","Rusia","Hombre",225,"2006",NA
"Santiago","Si","Suiza","Hombre",43,"2006",NA
"Santiago","No","Cuba","Hombre",36,"2006",NA
"Santiago","No","Estados Unidos","Hombre",53,"2006",NA
"Santiago","No","Haití","Hombre",470,"2006",NA
"Santiago","Si","República Dominicana","Hombre",29,"2006",NA
"Santiago","No","República Dominicana","Hombre",393,"2006",NA
"Santiago","Si","Argentina","Hombre",90,"2006",NA
"Santiago","No","Argentina","Hombre",55,"2006",NA
"Santiago","Si","Bolivia","Hombre",34,"2006",NA
"Santiago","No","Bolivia","Hombre",102,"2006",NA
"Santiago","Si","Brasil","Hombre",38,"2006",NA
"Santiago","Si","Colombia","Hombre",232,"2006",NA
"Santiago","No","Colombia","Hombre",3346,"2006",NA
"Santiago","Si","Ecuador","Hombre",131,"2006",NA
"Santiago","No","Ecuador","Hombre",105,"2006",NA
"Santiago","Si","Perú","Hombre",260,"2006",NA
"Santiago","No","Perú","Hombre",2704,"2006",NA
"Santiago","Si","Uruguay","Hombre",41,"2006",NA
"Santiago","No","Uruguay","Hombre",34,"2006",NA
"Santiago","Si","Venezuela","Hombre",2863,"2006",NA
"Santiago","No","Venezuela","Hombre",6753,"2006",NA
"Santiago","No sabe/No responde","Venezuela","Hombre",125,"2006",NA
"Santiago","Si","España","Mujer",40,"2006",NA
"Santiago","No","España","Mujer",164,"2006",NA
"Santiago","No","Italia","Mujer",39,"2006",NA
"Santiago","No","Rusia","Mujer",225,"2006",NA
"Santiago","No","Cuba","Mujer",36,"2006",NA
"Santiago","No","Haití","Mujer",272,"2006",NA
"Santiago","No","República Dominicana","Mujer",556,"2006",NA
"Santiago","No","Argentina","Mujer",79,"2006",NA
"Santiago","Si","Bolivia","Mujer",17,"2006",NA
"Santiago","No","Bolivia","Mujer",150,"2006",NA
"Santiago","Si","Colombia","Mujer",107,"2006",NA
"Santiago","No","Colombia","Mujer",3556,"2006",NA
"Santiago","Si","Ecuador","Mujer",167,"2006",NA
"Santiago","No","Ecuador","Mujer",216,"2006",NA
"Santiago","Si","Perú","Mujer",89,"2006",NA
"Santiago","No","Perú","Mujer",4276,"2006",NA
"Santiago","No sabe/No responde","Perú","Mujer",114,"2006",NA
"Santiago","No","Uruguay","Mujer",34,"2006",NA
"Santiago","Si","Venezuela","Mujer",1255,"2006",NA
"Santiago","No","Venezuela","Mujer",8076,"2006",NA
"Santiago","No sabe/No responde","Venezuela","Mujer",125,"2006",NA
"Cerrillos","No","Estados Unidos","Hombre",170,"2006",NA
"Cerrillos","No","Colombia","Hombre",91,"2006",NA
"Cerrillos","No","Perú","Hombre",273,"2006",NA
"Cerrillos","No","Perú","Mujer",91,"2006",NA
"Cerro Navia","No","Haití","Hombre",1515,"2006",NA
"Cerro Navia","No","Colombia","Hombre",502,"2006",NA
"Cerro Navia","No","Perú","Hombre",535,"2006",NA
"Cerro Navia","No","Haití","Mujer",665,"2006",NA
"Cerro Navia","No","Bolivia","Mujer",330,"2006",NA
"Cerro Navia","No","Colombia","Mujer",502,"2006",NA
"Cerro Navia","No","Paraguay","Mujer",153,"2006",NA
"Cerro Navia","No","Perú","Mujer",621,"2006",NA
"Conchalí","No","Haití","Hombre",111,"2006",NA
"Conchalí","No","Colombia","Hombre",967,"2006",NA
"Conchalí","No","Ecuador","Hombre",522,"2006",NA
"Conchalí","Si","Perú","Hombre",115,"2006",NA
"Conchalí","No","Haití","Mujer",111,"2006",NA
"Conchalí","No","República Dominicana","Mujer",97,"2006",NA
"Conchalí","No","Colombia","Mujer",870,"2006",NA
"Conchalí","No","Ecuador","Mujer",174,"2006",NA
"Conchalí","No","Perú","Mujer",346,"2006",NA
"El Bosque","No","Argentina","Hombre",109,"2006",NA
"El Bosque","No","Colombia","Hombre",336,"2006",NA
"El Bosque","Si","Ecuador","Hombre",117,"2006",NA
"El Bosque","No","Perú","Hombre",724,"2006",NA
"El Bosque","No","Argentina","Mujer",136,"2006",NA
"El Bosque","No","Bolivia","Mujer",672,"2006",NA
"El Bosque","No","Colombia","Mujer",866,"2006",NA
"El Bosque","No","Perú","Mujer",427,"2006",NA
"Estación Central","No","Haití","Hombre",1780,"2006",NA
"Estación Central","No","Bolivia","Hombre",140,"2006",NA
"Estación Central","Si","Perú","Hombre",87,"2006",NA
"Estación Central","No","Perú","Hombre",1057,"2006",NA
"Estación Central","No","Haití","Mujer",1070,"2006",NA
"Estación Central","No","República Dominicana","Mujer",231,"2006",NA
"Estación Central","No","Bolivia","Mujer",140,"2006",NA
"Estación Central","Si","Perú","Mujer",87,"2006",NA
"Estación Central","No","Perú","Mujer",1071,"2006",NA
"Huechuraba","Si","Argentina","Hombre",127,"2006",NA
"Huechuraba","No","Haití","Mujer",363,"2006",NA
"Huechuraba","Si","Argentina","Mujer",127,"2006",NA
"Huechuraba","No","Venezuela","Mujer",242,"2006",NA
"Independencia","No","Colombia","Hombre",1677,"2006",NA
"Independencia","No","Ecuador","Hombre",1110,"2006",NA
"Independencia","No","Perú","Hombre",1099,"2006",NA
"Independencia","No sabe/No responde","Perú","Hombre",84,"2006",NA
"Independencia","No","Venezuela","Hombre",4513,"2006",NA
"Independencia","No","Colombia","Mujer",2843,"2006",NA
"Independencia","No","Ecuador","Mujer",669,"2006",NA
"Independencia","Si","Perú","Mujer",36,"2006",NA
"Independencia","No","Perú","Mujer",2055,"2006",NA
"Independencia","No sabe/No responde","Perú","Mujer",42,"2006",NA
"Independencia","No","Venezuela","Mujer",3289,"2006",NA
"La Cisterna","No","Cuba","Hombre",1008,"2006",NA
"La Cisterna","No","Haití","Hombre",379,"2006",NA
"La Cisterna","No","Argentina","Hombre",125,"2006",NA
"La Cisterna","Si","Perú","Hombre",91,"2006",NA
"La Cisterna","No","Perú","Hombre",142,"2006",NA
"La Cisterna","No","Italia","Mujer",120,"2006",NA
"La Cisterna","No","Cuba","Mujer",126,"2006",NA
"La Cisterna","No","Haití","Mujer",465,"2006",NA
"La Cisterna","No","Perú","Mujer",350,"2006",NA
"La Florida","No","España","Hombre",168,"2006",NA
"La Florida","No","El Salvador","Hombre",141,"2006",NA
"La Florida","No","Haití","Hombre",151,"2006",NA
"La Florida","No","Argentina","Hombre",253,"2006",NA
"La Florida","No","Brasil","Hombre",226,"2006",NA
"La Florida","No","Colombia","Hombre",510,"2006",NA
"La Florida","No","Perú","Hombre",2942,"2006",NA
"La Florida","No","Venezuela","Hombre",283,"2006",NA
"La Florida","Si","Francia","Mujer",67,"2006",NA
"La Florida","No","Cuba","Mujer",198,"2006",NA
"La Florida","No","Haití","Mujer",265,"2006",NA
"La Florida","Si","Colombia","Mujer",194,"2006",NA
"La Florida","No","Colombia","Mujer",543,"2006",NA
"La Florida","No","Ecuador","Mujer",211,"2006",NA
"La Florida","Si","Perú","Mujer",115,"2006",NA
"La Florida","No","Perú","Mujer",2273,"2006",NA
"La Florida","No","Venezuela","Mujer",843,"2006",NA
"La Granja","No","Colombia","Hombre",207,"2006",NA
"La Granja","No","Perú","Hombre",398,"2006",NA
"La Granja","No","Brasil","Mujer",160,"2006",NA
"La Granja","No","Colombia","Mujer",107,"2006",NA
"La Granja","No","Perú","Mujer",199,"2006",NA
"La Pintana","Si","Colombia","Hombre",177,"2006",NA
"La Pintana","No","Ecuador","Hombre",420,"2006",NA
"La Pintana","Si","Argentina","Mujer",274,"2006",NA
"La Pintana","No","Ecuador","Mujer",420,"2006",NA
"La Reina","Si","España","Hombre",133,"2006",NA
"La Reina","Si","Cuba","Hombre",72,"2006",NA
"La Reina","No","Cuba","Hombre",144,"2006",NA
"La Reina","Si","Estados Unidos","Hombre",144,"2006",NA
"La Reina","No","Haití","Hombre",745,"2006",NA
"La Reina","No","Colombia","Hombre",165,"2006",NA
"La Reina","Si","Perú","Hombre",76,"2006",NA
"La Reina","No","Perú","Hombre",171,"2006",NA
"La Reina","Si","Venezuela","Hombre",76,"2006",NA
"La Reina","No","Hungría","Mujer",147,"2006",NA
"La Reina","Si","Cuba","Mujer",72,"2006",NA
"La Reina","No","Cuba","Mujer",72,"2006",NA
"La Reina","No","Haití","Mujer",390,"2006",NA
"La Reina","No","Argentina","Mujer",135,"2006",NA
"La Reina","No","Colombia","Mujer",165,"2006",NA
"La Reina","No","Perú","Mujer",559,"2006",NA
"La Reina","No","Venezuela","Mujer",76,"2006",NA
"La Reina","Si","Australia","Mujer",165,"2006",NA
"Las Condes","Si","Alemania","Hombre",162,"2006",NA
"Las Condes","Si","España","Hombre",1818,"2006",NA
"Las Condes","No","España","Hombre",117,"2006",NA
"Las Condes","Si","Francia","Hombre",80,"2006",NA
"Las Condes","No","Reino Unido","Hombre",92,"2006",NA
"Las Condes","Si","China","Hombre",531,"2006",NA
"Las Condes","No","Israel","Hombre",116,"2006",NA
"Las Condes","Si","Sudáfrica","Hombre",127,"2006",NA
"Las Condes","No","Cuba","Hombre",127,"2006",NA
"Las Condes","Si","México","Hombre",66,"2006",NA
"Las Condes","Si","Argentina","Hombre",425,"2006",NA
"Las Condes","No","Argentina","Hombre",435,"2006",NA
"Las Condes","Si","Brasil","Hombre",80,"2006",NA
"Las Condes","Si","Colombia","Hombre",790,"2006",NA
"Las Condes","No","Colombia","Hombre",117,"2006",NA
"Las Condes","Si","Ecuador","Hombre",403,"2006",NA
"Las Condes","No","Ecuador","Hombre",134,"2006",NA
"Las Condes","Si","Perú","Hombre",307,"2006",NA
"Las Condes","No","Perú","Hombre",971,"2006",NA
"Las Condes","Si","Uruguay","Hombre",256,"2006",NA
"Las Condes","Si","Venezuela","Hombre",693,"2006",NA
"Las Condes","No","Venezuela","Hombre",822,"2006",NA
"Las Condes","Si","España","Mujer",620,"2006",NA
"Las Condes","No","España","Mujer",117,"2006",NA
"Las Condes","No","Francia","Mujer",66,"2006",NA
"Las Condes","Si","Italia","Mujer",218,"2006",NA
"Las Condes","No","Italia","Mujer",563,"2006",NA
"Las Condes","Si","China","Mujer",295,"2006",NA
"Las Condes","No","China","Mujer",80,"2006",NA
"Las Condes","Si","Canadá","Mujer",86,"2006",NA
"Las Condes","Si","Costa Rica","Mujer",144,"2006",NA
"Las Condes","No sabe/No responde","El Salvador","Mujer",125,"2006",NA
"Las Condes","Si","Estados Unidos","Mujer",144,"2006",NA
"Las Condes","No","Haití","Mujer",193,"2006",NA
"Las Condes","Si","México","Mujer",66,"2006",NA
"Las Condes","No","México","Mujer",189,"2006",NA
"Las Condes","Si","Argentina","Mujer",1588,"2006",NA
"Las Condes","No","Argentina","Mujer",457,"2006",NA
"Las Condes","No","Bolivia","Mujer",120,"2006",NA
"Las Condes","Si","Brasil","Mujer",334,"2006",NA
"Las Condes","Si","Colombia","Mujer",294,"2006",NA
"Las Condes","No","Colombia","Mujer",1104,"2006",NA
"Las Condes","No sabe/No responde","Colombia","Mujer",117,"2006",NA
"Las Condes","Si","Perú","Mujer",655,"2006",NA
"Las Condes","No","Perú","Mujer",1238,"2006",NA
"Las Condes","Si","Uruguay","Mujer",472,"2006",NA
"Las Condes","No","Uruguay","Mujer",143,"2006",NA
"Las Condes","Si","Venezuela","Mujer",986,"2006",NA
"Las Condes","No","Venezuela","Mujer",1015,"2006",NA
"Las Condes","Si","Palestina","Mujer",86,"2006",NA
"Las Condes","Si","No Bien Especificado","Mujer",78,"2006",NA
"Las Condes","No","No Responde","Mujer",99,"2006",NA
"Lo Barnechea","Si","España","Hombre",86,"2006",NA
"Lo Barnechea","No","Corea Del Sur","Hombre",180,"2006",NA
"Lo Barnechea","No","Cuba","Hombre",130,"2006",NA
"Lo Barnechea","Si","Guatemala","Hombre",35,"2006",NA
"Lo Barnechea","No","Guatemala","Hombre",35,"2006",NA
"Lo Barnechea","Si","Bolivia","Hombre",71,"2006",NA
"Lo Barnechea","No","Colombia","Hombre",399,"2006",NA
"Lo Barnechea","No","Perú","Hombre",647,"2006",NA
"Lo Barnechea","No sabe/No responde","Perú","Hombre",140,"2006",NA
"Lo Barnechea","No","Corea Del Sur","Mujer",180,"2006",NA
"Lo Barnechea","No","Cuba","Mujer",130,"2006",NA
"Lo Barnechea","Si","Guatemala","Mujer",105,"2006",NA
"Lo Barnechea","No","Guatemala","Mujer",35,"2006",NA
"Lo Barnechea","Si","Bolivia","Mujer",142,"2006",NA
"Lo Barnechea","No","Bolivia","Mujer",71,"2006",NA
"Lo Barnechea","No sabe/No responde","Bolivia","Mujer",120,"2006",NA
"Lo Barnechea","No","Colombia","Mujer",201,"2006",NA
"Lo Barnechea","Si","Perú","Mujer",140,"2006",NA
"Lo Barnechea","No","Perú","Mujer",2218,"2006",NA
"Lo Barnechea","No sabe/No responde","Perú","Mujer",302,"2006",NA
"Lo Barnechea","No","Venezuela","Mujer",71,"2006",NA
"Lo Espejo","No","Haití","Hombre",284,"2006",NA
"Lo Espejo","No","Perú","Hombre",127,"2006",NA
"Lo Espejo","No","Venezuela","Hombre",152,"2006",NA
"Lo Espejo","No","Haití","Mujer",426,"2006",NA
"Lo Espejo","No","Ecuador","Mujer",142,"2006",NA
"Lo Espejo","No","Perú","Mujer",272,"2006",NA
"Lo Espejo","No","Venezuela","Mujer",304,"2006",NA
"Lo Prado","Si","Haití","Hombre",172,"2006",NA
"Lo Prado","No","Colombia","Hombre",157,"2006",NA
"Lo Prado","No","Ecuador","Hombre",169,"2006",NA
"Lo Prado","No","Perú","Hombre",550,"2006",NA
"Lo Prado","No","Uruguay","Hombre",134,"2006",NA
"Lo Prado","No","Venezuela","Hombre",266,"2006",NA
"Lo Prado","No","Haití","Mujer",172,"2006",NA
"Lo Prado","No","Bolivia","Mujer",267,"2006",NA
"Lo Prado","No","Colombia","Mujer",620,"2006",NA
"Lo Prado","No","Ecuador","Mujer",303,"2006",NA
"Lo Prado","No","Perú","Mujer",573,"2006",NA
"Lo Prado","No","Venezuela","Mujer",133,"2006",NA
"Macul","No","Cuba","Hombre",216,"2006",NA
"Macul","No","Argentina","Hombre",146,"2006",NA
"Macul","No","Colombia","Hombre",410,"2006",NA
"Macul","Si","Perú","Hombre",120,"2006",NA
"Macul","No","Perú","Hombre",506,"2006",NA
"Macul","No","Uruguay","Hombre",164,"2006",NA
"Macul","No","Croacia","Mujer",177,"2006",NA
"Macul","Si","Colombia","Mujer",196,"2006",NA
"Macul","No","Colombia","Mujer",763,"2006",NA
"Macul","No","Perú","Mujer",506,"2006",NA
"Macul","No","Venezuela","Mujer",177,"2006",NA
"Maipú","No","Cuba","Hombre",924,"2006",NA
"Maipú","No","Haití","Hombre",612,"2006",NA
"Maipú","No","Colombia","Hombre",1757,"2006",NA
"Maipú","No","Perú","Hombre",3125,"2006",NA
"Maipú","No","Venezuela","Hombre",1879,"2006",NA
"Maipú","Si","España","Mujer",293,"2006",NA
"Maipú","No","Haití","Mujer",612,"2006",NA
"Maipú","No","República Dominicana","Mujer",313,"2006",NA
"Maipú","No","Argentina","Mujer",514,"2006",NA
"Maipú","No","Colombia","Mujer",2128,"2006",NA
"Maipú","No","Perú","Mujer",3366,"2006",NA
"Maipú","Si","Venezuela","Mujer",404,"2006",NA
"Maipú","No","Venezuela","Mujer",1165,"2006",NA
"Ñuñoa","Si","España","Hombre",59,"2006",NA
"Ñuñoa","Si","Francia","Hombre",73,"2006",NA
"Ñuñoa","Si","Italia","Hombre",59,"2006",NA
"Ñuñoa","No","Italia","Hombre",55,"2006",NA
"Ñuñoa","Si","Reino Unido","Hombre",49,"2006",NA
"Ñuñoa","Si","Cuba","Hombre",261,"2006",NA
"Ñuñoa","No","Cuba","Hombre",167,"2006",NA
"Ñuñoa","Si","Estados Unidos","Hombre",273,"2006",NA
"Ñuñoa","No","Haití","Hombre",162,"2006",NA
"Ñuñoa","Si","Argentina","Hombre",435,"2006",NA
"Ñuñoa","No","Argentina","Hombre",43,"2006",NA
"Ñuñoa","Si","Bolivia","Hombre",273,"2006",NA
"Ñuñoa","Si","Colombia","Hombre",130,"2006",NA
"Ñuñoa","Si","Ecuador","Hombre",73,"2006",NA
"Ñuñoa","No","Perú","Hombre",195,"2006",NA
"Ñuñoa","Si","Uruguay","Hombre",59,"2006",NA
"Ñuñoa","No","Uruguay","Hombre",109,"2006",NA
"Ñuñoa","No","Venezuela","Hombre",625,"2006",NA
"Ñuñoa","Si","España","Mujer",225,"2006",NA
"Ñuñoa","No","España","Mujer",101,"2006",NA
"Ñuñoa","Si","Holanda","Mujer",43,"2006",NA
"Ñuñoa","No","Italia","Mujer",110,"2006",NA
"Ñuñoa","No","Costa Rica","Mujer",78,"2006",NA
"Ñuñoa","Si","Cuba","Mujer",167,"2006",NA
"Ñuñoa","No","Cuba","Mujer",238,"2006",NA
"Ñuñoa","No","Guatemala","Mujer",42,"2006",NA
"Ñuñoa","No","Haití","Mujer",54,"2006",NA
"Ñuñoa","Si","México","Mujer",130,"2006",NA
"Ñuñoa","Si","Argentina","Mujer",130,"2006",NA
"Ñuñoa","No","Argentina","Mujer",43,"2006",NA
"Ñuñoa","Si","Bolivia","Mujer",273,"2006",NA
"Ñuñoa","Si","Colombia","Mujer",130,"2006",NA
"Ñuñoa","No","Colombia","Mujer",325,"2006",NA
"Ñuñoa","No","Ecuador","Mujer",235,"2006",NA
"Ñuñoa","Si","Perú","Mujer",75,"2006",NA
"Ñuñoa","No","Perú","Mujer",253,"2006",NA
"Ñuñoa","Si","Venezuela","Mujer",266,"2006",NA
"Ñuñoa","No","Venezuela","Mujer",472,"2006",NA
"Pedro Aguirre Cerda","Si","Nigeria","Hombre",175,"2006",NA
"Pedro Aguirre Cerda","No","Haití","Hombre",1457,"2006",NA
"Pedro Aguirre Cerda","No","Colombia","Hombre",168,"2006",NA
"Pedro Aguirre Cerda","Si","Perú","Hombre",87,"2006",NA
"Pedro Aguirre Cerda","No","Perú","Hombre",235,"2006",NA
"Pedro Aguirre Cerda","No sabe/No responde","Ghana","Mujer",175,"2006",NA
"Pedro Aguirre Cerda","No","Haití","Mujer",878,"2006",NA
"Pedro Aguirre Cerda","No","Perú","Mujer",557,"2006",NA
"Peñalolén","Si","Estados Unidos","Hombre",163,"2006",NA
"Peñalolén","No","Estados Unidos","Hombre",168,"2006",NA
"Peñalolén","Si","Colombia","Hombre",187,"2006",NA
"Peñalolén","Si","Perú","Hombre",353,"2006",NA
"Peñalolén","No","Perú","Hombre",1916,"2006",NA
"Peñalolén","Si","Polonia","Mujer",202,"2006",NA
"Peñalolén","No","Argentina","Mujer",218,"2006",NA
"Peñalolén","No","Bolivia","Mujer",218,"2006",NA
"Peñalolén","Si","Perú","Mujer",218,"2006",NA
"Peñalolén","No","Perú","Mujer",2274,"2006",NA
"Providencia","Si","Alemania","Hombre",158,"2006",NA
"Providencia","Si","Bélgica","Hombre",46,"2006",NA
"Providencia","Si","España","Hombre",388,"2006",NA
"Providencia","No","España","Hombre",121,"2006",NA
"Providencia","Si","Francia","Hombre",206,"2006",NA
"Providencia","Si","Portugal","Hombre",16,"2006",NA
"Providencia","Si","Reino Unido","Hombre",139,"2006",NA
"Providencia","No","Reino Unido","Hombre",22,"2006",NA
"Providencia","Si","Suiza","Hombre",43,"2006",NA
"Providencia","No","China","Hombre",37,"2006",NA
"Providencia","No","Cuba","Hombre",86,"2006",NA
"Providencia","Si","El Salvador","Hombre",78,"2006",NA
"Providencia","No","El Salvador","Hombre",28,"2006",NA
"Providencia","Si","Estados Unidos","Hombre",22,"2006",NA
"Providencia","No sabe/No responde","Haití","Hombre",74,"2006",NA
"Providencia","Si","México","Hombre",48,"2006",NA
"Providencia","Si","Nicaragua","Hombre",64,"2006",NA
"Providencia","Si","Argentina","Hombre",221,"2006",NA
"Providencia","No","Argentina","Hombre",232,"2006",NA
"Providencia","Si","Bolivia","Hombre",119,"2006",NA
"Providencia","Si","Brasil","Hombre",63,"2006",NA
"Providencia","Si","Colombia","Hombre",80,"2006",NA
"Providencia","No","Colombia","Hombre",444,"2006",NA
"Providencia","Si","Ecuador","Hombre",63,"2006",NA
"Providencia","No","Ecuador","Hombre",137,"2006",NA
"Providencia","Si","Perú","Hombre",195,"2006",NA
"Providencia","No","Perú","Hombre",224,"2006",NA
"Providencia","Si","Uruguay","Hombre",75,"2006",NA
"Providencia","No","Uruguay","Hombre",82,"2006",NA
"Providencia","No sabe/No responde","Uruguay","Hombre",78,"2006",NA
"Providencia","Si","Venezuela","Hombre",284,"2006",NA
"Providencia","No","Venezuela","Hombre",242,"2006",NA
"Providencia","Si","Alemania","Mujer",189,"2006",NA
"Providencia","No","Alemania","Mujer",131,"2006",NA
"Providencia","Si","Croacia","Mujer",38,"2006",NA
"Providencia","Si","España","Mujer",268,"2006",NA
"Providencia","No","España","Mujer",134,"2006",NA
"Providencia","Si","Francia","Mujer",101,"2006",NA
"Providencia","No","Francia","Mujer",210,"2006",NA
"Providencia","No","Italia","Mujer",73,"2006",NA
"Providencia","Si","India","Mujer",64,"2006",NA
"Providencia","No","Japón","Mujer",38,"2006",NA
"Providencia","No","Sudáfrica","Mujer",33,"2006",NA
"Providencia","Si","Canadá","Mujer",41,"2006",NA
"Providencia","No","Cuba","Mujer",84,"2006",NA
"Providencia","No","El Salvador","Mujer",78,"2006",NA
"Providencia","Si","Estados Unidos","Mujer",111,"2006",NA
"Providencia","No","Estados Unidos","Mujer",120,"2006",NA
"Providencia","Si","México","Mujer",42,"2006",NA
"Providencia","No","Panamá","Mujer",48,"2006",NA
"Providencia","Si","Argentina","Mujer",298,"2006",NA
"Providencia","No","Argentina","Mujer",120,"2006",NA
"Providencia","No","Bolivia","Mujer",46,"2006",NA
"Providencia","Si","Brasil","Mujer",158,"2006",NA
"Providencia","Si","Colombia","Mujer",381,"2006",NA
"Providencia","No","Colombia","Mujer",440,"2006",NA
"Providencia","Si","Ecuador","Mujer",269,"2006",NA
"Providencia","No","Ecuador","Mujer",63,"2006",NA
"Providencia","Si","Perú","Mujer",119,"2006",NA
"Providencia","No","Perú","Mujer",406,"2006",NA
"Providencia","No","Uruguay","Mujer",47,"2006",NA
"Providencia","Si","Venezuela","Mujer",326,"2006",NA
"Providencia","No","Venezuela","Mujer",322,"2006",NA
"Pudahuel","No","China","Hombre",268,"2006",NA
"Pudahuel","No","Haití","Hombre",864,"2006",NA
"Pudahuel","No","Argentina","Hombre",385,"2006",NA
"Pudahuel","No","Colombia","Hombre",708,"2006",NA
"Pudahuel","No","Ecuador","Hombre",1324,"2006",NA
"Pudahuel","No","Paraguay","Hombre",331,"2006",NA
"Pudahuel","No","Perú","Hombre",1512,"2006",NA
"Pudahuel","No","Venezuela","Hombre",342,"2006",NA
"Pudahuel","No","China","Mujer",268,"2006",NA
"Pudahuel","No","Haití","Mujer",288,"2006",NA
"Pudahuel","No","Nicaragua","Mujer",472,"2006",NA
"Pudahuel","No","Colombia","Mujer",472,"2006",NA
"Pudahuel","No","Ecuador","Mujer",331,"2006",NA
"Pudahuel","Si","Paraguay","Mujer",331,"2006",NA
"Pudahuel","No","Paraguay","Mujer",662,"2006",NA
"Pudahuel","No","Perú","Mujer",981,"2006",NA
"Quilicura","No","China","Hombre",600,"2006",NA
"Quilicura","No","Haití","Hombre",9454,"2006",NA
"Quilicura","No","Bolivia","Hombre",285,"2006",NA
"Quilicura","No","Colombia","Hombre",1233,"2006",NA
"Quilicura","Si","Perú","Hombre",449,"2006",NA
"Quilicura","No","Perú","Hombre",2698,"2006",NA
"Quilicura","No","Venezuela","Hombre",259,"2006",NA
"Quilicura","No","China","Mujer",300,"2006",NA
"Quilicura","No","Haití","Mujer",6552,"2006",NA
"Quilicura","No","Bolivia","Mujer",285,"2006",NA
"Quilicura","No","Colombia","Mujer",651,"2006",NA
"Quilicura","Si","Perú","Mujer",449,"2006",NA
"Quilicura","No","Perú","Mujer",4076,"2006",NA
"Quilicura","No","Venezuela","Mujer",259,"2006",NA
"Quinta Normal","No","Haití","Hombre",224,"2006",NA
"Quinta Normal","No","República Dominicana","Hombre",432,"2006",NA
"Quinta Normal","No","Argentina","Hombre",112,"2006",NA
"Quinta Normal","No","Perú","Hombre",1356,"2006",NA
"Quinta Normal","No","Venezuela","Hombre",550,"2006",NA
"Quinta Normal","No","Haití","Mujer",330,"2006",NA
"Quinta Normal","No","República Dominicana","Mujer",326,"2006",NA
"Quinta Normal","Si","Argentina","Mujer",112,"2006",NA
"Quinta Normal","No","Colombia","Mujer",432,"2006",NA
"Quinta Normal","No","Ecuador","Mujer",140,"2006",NA
"Quinta Normal","No","Perú","Mujer",1528,"2006",NA
"Quinta Normal","No","Venezuela","Mujer",330,"2006",NA
"Recoleta","No","República Checa","Hombre",184,"2006",NA
"Recoleta","Si","Cuba","Hombre",48,"2006",NA
"Recoleta","No","Cuba","Hombre",360,"2006",NA
"Recoleta","No","Haití","Hombre",1456,"2006",NA
"Recoleta","No","Bolivia","Hombre",192,"2006",NA
"Recoleta","No","Colombia","Hombre",408,"2006",NA
"Recoleta","No","Perú","Hombre",3110,"2006",NA
"Recoleta","No","España","Mujer",84,"2006",NA
"Recoleta","Si","Cuba","Mujer",48,"2006",NA
"Recoleta","No","Cuba","Mujer",360,"2006",NA
"Recoleta","No","Haití","Mujer",1264,"2006",NA
"Recoleta","No","Colombia","Mujer",720,"2006",NA
"Recoleta","No","Perú","Mujer",3659,"2006",NA
"Recoleta","No","Venezuela","Mujer",536,"2006",NA
"Renca","No","Haití","Hombre",457,"2006",NA
"Renca","No","México","Hombre",137,"2006",NA
"Renca","No","Colombia","Hombre",132,"2006",NA
"Renca","Si","Perú","Hombre",137,"2006",NA
"Renca","No","Perú","Hombre",350,"2006",NA
"Renca","No","Uruguay","Hombre",411,"2006",NA
"Renca","No","Venezuela","Hombre",290,"2006",NA
"Renca","No","Haití","Mujer",457,"2006",NA
"Renca","No","Perú","Mujer",624,"2006",NA
"Renca","No","Uruguay","Mujer",137,"2006",NA
"Renca","No","Venezuela","Mujer",521,"2006",NA
"San Joaquín","No","Haití","Hombre",438,"2006",NA
"San Joaquín","No sabe/No responde","Argentina","Hombre",114,"2006",NA
"San Joaquín","No","Perú","Hombre",765,"2006",NA
"San Joaquín","No","Haití","Mujer",438,"2006",NA
"San Joaquín","No","Perú","Mujer",911,"2006",NA
"San Joaquín","No","Venezuela","Mujer",336,"2006",NA
"San Miguel","No","Reino Unido","Hombre",72,"2006",NA
"San Miguel","No","Haití","Hombre",104,"2006",NA
"San Miguel","Si","Argentina","Hombre",104,"2006",NA
"San Miguel","No","Argentina","Hombre",76,"2006",NA
"San Miguel","No","Colombia","Hombre",128,"2006",NA
"San Miguel","No","Perú","Hombre",540,"2006",NA
"San Miguel","No sabe/No responde","Perú","Hombre",79,"2006",NA
"San Miguel","No","Venezuela","Hombre",93,"2006",NA
"San Miguel","No","Haití","Mujer",208,"2006",NA
"San Miguel","No","México","Mujer",186,"2006",NA
"San Miguel","No","Argentina","Mujer",97,"2006",NA
"San Miguel","No","Colombia","Mujer",349,"2006",NA
"San Miguel","No","Perú","Mujer",824,"2006",NA
"San Miguel","No","Venezuela","Mujer",279,"2006",NA
"San Ramón","No","España","Hombre",117,"2006",NA
"San Ramón","No","Haití","Hombre",234,"2006",NA
"San Ramón","No","Venezuela","Hombre",340,"2006",NA
"San Ramón","No","Haití","Mujer",234,"2006",NA
"San Ramón","No","Venezuela","Mujer",510,"2006",NA
"Vitacura","Si","Alemania","Hombre",72,"2006",NA
"Vitacura","Si","España","Hombre",123,"2006",NA
"Vitacura","Si","Francia","Hombre",137,"2006",NA
"Vitacura","Si","Italia","Hombre",124,"2006",NA
"Vitacura","No","Italia","Hombre",34,"2006",NA
"Vitacura","Si","Serbia","Hombre",89,"2006",NA
"Vitacura","Si","Estados Unidos","Hombre",103,"2006",NA
"Vitacura","No","Estados Unidos","Hombre",62,"2006",NA
"Vitacura","Si","México","Hombre",82,"2006",NA
"Vitacura","Si","República Dominicana","Hombre",98,"2006",NA
"Vitacura","Si","Argentina","Hombre",668,"2006",NA
"Vitacura","Si","Bolivia","Hombre",74,"2006",NA
"Vitacura","Si","Brasil","Hombre",59,"2006",NA
"Vitacura","No","Brasil","Hombre",59,"2006",NA
"Vitacura","Si","Colombia","Hombre",154,"2006",NA
"Vitacura","No","Colombia","Hombre",210,"2006",NA
"Vitacura","Si","Uruguay","Hombre",39,"2006",NA
"Vitacura","Si","Alemania","Mujer",149,"2006",NA
"Vitacura","Si","Bélgica","Mujer",96,"2006",NA
"Vitacura","No","Francia","Mujer",103,"2006",NA
"Vitacura","Si","Italia","Mujer",124,"2006",NA
"Vitacura","No","Italia","Mujer",34,"2006",NA
"Vitacura","No","Estados Unidos","Mujer",160,"2006",NA
"Vitacura","Si","México","Mujer",205,"2006",NA
"Vitacura","No","República Dominicana","Mujer",61,"2006",NA
"Vitacura","Si","Argentina","Mujer",296,"2006",NA
"Vitacura","No","Argentina","Mujer",236,"2006",NA
"Vitacura","Si","Brasil","Mujer",118,"2006",NA
"Vitacura","No","Colombia","Mujer",180,"2006",NA
"Vitacura","Si","Perú","Mujer",61,"2006",NA
"Vitacura","No","Perú","Mujer",110,"2006",NA
"Vitacura","No sabe/No responde","Perú","Mujer",135,"2006",NA
"Vitacura","Si","Venezuela","Mujer",44,"2006",NA
"Puente Alto","No","Haití","Hombre",854,"2006",NA
"Puente Alto","No","Argentina","Hombre",440,"2006",NA
"Puente Alto","No","Bolivia","Hombre",357,"2006",NA
"Puente Alto","No","Ecuador","Hombre",570,"2006",NA
"Puente Alto","No","Perú","Hombre",1732,"2006",NA
"Puente Alto","No","Venezuela","Hombre",1110,"2006",NA
"Puente Alto","Si","Italia","Mujer",268,"2006",NA
"Puente Alto","No","Cuba","Mujer",269,"2006",NA
"Puente Alto","No","Haití","Mujer",854,"2006",NA
"Puente Alto","No","México","Mujer",1011,"2006",NA
"Puente Alto","No","Bolivia","Mujer",714,"2006",NA
"Puente Alto","No","Colombia","Mujer",1905,"2006",NA
"Puente Alto","No","Ecuador","Mujer",285,"2006",NA
"Puente Alto","Si","Perú","Mujer",728,"2006",NA
"Puente Alto","No","Perú","Mujer",3296,"2006",NA
"Puente Alto","No","Venezuela","Mujer",1578,"2006",NA
"Pirque","Si","Estados Unidos","Hombre",78,"2006",NA
"Pirque","Si","Holanda","Mujer",86,"2006",NA
"San José de Maipo","No","Venezuela","Hombre",46,"2006",NA
"San José de Maipo","No","Argentina","Mujer",71,"2006",NA
"San José de Maipo","No","Perú","Mujer",63,"2006",NA
"San José de Maipo","No","Venezuela","Mujer",46,"2006",NA
"Colina","Si","Cuba","Hombre",619,"2006",NA
"Colina","No","Haití","Hombre",1326,"2006",NA
"Colina","No","República Dominicana","Hombre",137,"2006",NA
"Colina","No","Argentina","Hombre",170,"2006",NA
"Colina","No","Bolivia","Hombre",213,"2006",NA
"Colina","No","Colombia","Hombre",510,"2006",NA
"Colina","No","Ecuador","Hombre",114,"2006",NA
"Colina","No","Perú","Hombre",182,"2006",NA
"Colina","Si","Cuba","Mujer",619,"2006",NA
"Colina","No","Haití","Mujer",274,"2006",NA
"Colina","No","República Dominicana","Mujer",137,"2006",NA
"Colina","No","Bolivia","Mujer",114,"2006",NA
"Colina","No","Colombia","Mujer",535,"2006",NA
"Colina","No","Ecuador","Mujer",228,"2006",NA
"Colina","No","Perú","Mujer",104,"2006",NA
"Lampa","No","Francia","Hombre",116,"2006",NA
"Lampa","No","Estados Unidos","Hombre",161,"2006",NA
"Lampa","No","Haití","Hombre",101,"2006",NA
"Lampa","No","Colombia","Hombre",210,"2006",NA
"Lampa","No","Estados Unidos","Mujer",161,"2006",NA
"Lampa","No","Haití","Mujer",101,"2006",NA
"Lampa","No","Argentina","Mujer",57,"2006",NA
"Lampa","No","Colombia","Mujer",326,"2006",NA
"Lampa","Si","Perú","Mujer",69,"2006",NA
"Lampa","No","Perú","Mujer",70,"2006",NA
"Tiltil","No","Colombia","Mujer",54,"2006",NA
"Tiltil","No","Perú","Mujer",41,"2006",NA
"San Bernardo","No","Haití","Hombre",1989,"2006",NA
"San Bernardo","Si","República Dominicana","Hombre",235,"2006",NA
"San Bernardo","No","República Dominicana","Hombre",235,"2006",NA
"San Bernardo","No","Perú","Hombre",664,"2006",NA
"San Bernardo","No","Italia","Mujer",242,"2006",NA
"San Bernardo","No","Cuba","Mujer",230,"2006",NA
"San Bernardo","No","Haití","Mujer",993,"2006",NA
"San Bernardo","Si","República Dominicana","Mujer",235,"2006",NA
"San Bernardo","No","Brasil","Mujer",48,"2006",NA
"San Bernardo","No","Perú","Mujer",597,"2006",NA
"Buin","No","Venezuela","Hombre",163,"2006",NA
"Buin","No","Ecuador","Mujer",138,"2006",NA
"Calera de Tango","No","Haití","Hombre",48,"2006",NA
"Calera de Tango","No","Argentina","Hombre",89,"2006",NA
"Calera de Tango","No","Bolivia","Hombre",81,"2006",NA
"Calera de Tango","No","Argentina","Mujer",114,"2006",NA
"Paine","No","Haití","Hombre",151,"2006",NA
"Paine","No","Bolivia","Hombre",163,"2006",NA
"Paine","Si","Bolivia","Mujer",163,"2006",NA
"Paine","No","Ecuador","Mujer",180,"2006",NA
"Melipilla","No","Haití","Hombre",3080,"2006",NA
"Melipilla","No","Bolivia","Hombre",148,"2006",NA
"Melipilla","No","Brasil","Hombre",287,"2006",NA
"Melipilla","No","Haití","Mujer",176,"2006",NA
"Melipilla","Si","Honduras","Mujer",333,"2006",NA
"Melipilla","Si","México","Mujer",131,"2006",NA
"Melipilla","No","México","Mujer",279,"2006",NA
"Melipilla","No","Argentina","Mujer",264,"2006",NA
"Melipilla","No","Bolivia","Mujer",990,"2006",NA
"Alhué","No","Haití","Hombre",75,"2006",NA
"Alhué","No","Colombia","Hombre",17,"2006",NA
"Alhué","No","Haití","Mujer",25,"2006",NA
"Alhué","No","Colombia","Mujer",17,"2006",NA
"Alhué","No","Perú","Mujer",32,"2006",NA
"Curacaví","No","Venezuela","Hombre",102,"2006",NA
"Curacaví","No","Venezuela","Mujer",408,"2006",NA
"San Pedro","No","Haití","Hombre",92,"2006",NA
"San Pedro","No","Haití","Mujer",92,"2006",NA
"Isla de Maipo","No","Perú","Mujer",183,"2006",NA
"Peñaflor","No","Haití","Hombre",394,"2006",NA
"Peñaflor","No","Haití","Mujer",394,"2006",NA
"Valdivia","Si","Alemania","Hombre",29,"2006",NA
"Valdivia","Si","España","Hombre",33,"2006",NA
"Valdivia","No","España","Hombre",49,"2006",NA
"Valdivia","Si","Holanda","Hombre",12,"2006",NA
"Valdivia","No","Italia","Hombre",21,"2006",NA
"Valdivia","Si","Argentina","Hombre",105,"2006",NA
"Valdivia","No","Argentina","Hombre",12,"2006",NA
"Valdivia","No","Brasil","Hombre",28,"2006",NA
"Valdivia","Si","Colombia","Hombre",25,"2006",NA
"Valdivia","Si","Ecuador","Hombre",42,"2006",NA
"Valdivia","No","Venezuela","Hombre",98,"2006",NA
"Valdivia","No","Puerto Rico","Mujer",43,"2006",NA
"Valdivia","Si","República Dominicana","Mujer",22,"2006",NA
"Valdivia","No","República Dominicana","Mujer",36,"2006",NA
"Valdivia","Si","Argentina","Mujer",105,"2006",NA
"Valdivia","No","Argentina","Mujer",269,"2006",NA
"Valdivia","No","Brasil","Mujer",28,"2006",NA
"Valdivia","No","Colombia","Mujer",82,"2006",NA
"Valdivia","Si","Ecuador","Mujer",42,"2006",NA
"Valdivia","No","Paraguay","Mujer",54,"2006",NA
"Valdivia","Si","Perú","Mujer",25,"2006",NA
"Valdivia","No","Venezuela","Mujer",98,"2006",NA
"Mariquina","No","Haití","Hombre",60,"2006",NA
"Mariquina","No","Haití","Mujer",60,"2006",NA
"Mariquina","Si","Argentina","Mujer",14,"2006",NA
"Mariquina","No","Argentina","Mujer",36,"2006",NA
"Paillaco","No","China","Hombre",38,"2006",NA
"Paillaco","Si","Brasil","Hombre",38,"2006",NA
"Paillaco","No","China","Mujer",38,"2006",NA
"Paillaco","No","Brasil","Mujer",38,"2006",NA
"Panguipulli","No","Perú","Hombre",50,"2006",NA
"Panguipulli","No","España","Mujer",66,"2006",NA
"Panguipulli","No","Perú","Mujer",50,"2006",NA
"Futrono","No","Francia","Hombre",39,"2006",NA
"Futrono","No","Holanda","Hombre",52,"2006",NA
"Arica","No","Portugal","Hombre",14,"2006",NA
"Arica","No","China","Hombre",17,"2006",NA
"Arica","No","Cuba","Hombre",16,"2006",NA
"Arica","Si","Argentina","Hombre",24,"2006",NA
"Arica","Si","Bolivia","Hombre",70,"2006",NA
"Arica","No","Bolivia","Hombre",1521,"2006",NA
"Arica","No sabe/No responde","Bolivia","Hombre",65,"2006",NA
"Arica","Si","Brasil","Hombre",24,"2006",NA
"Arica","No","Brasil","Hombre",24,"2006",NA
"Arica","No","Colombia","Hombre",273,"2006",NA
"Arica","No sabe/No responde","Colombia","Hombre",51,"2006",NA
"Arica","No","Ecuador","Hombre",46,"2006",NA
"Arica","No sabe/No responde","Ecuador","Hombre",13,"2006",NA
"Arica","No","Paraguay","Hombre",17,"2006",NA
"Arica","Si","Perú","Hombre",20,"2006",NA
"Arica","No","Perú","Hombre",1123,"2006",NA
"Arica","No sabe/No responde","Perú","Hombre",63,"2006",NA
"Arica","Si","Uruguay","Hombre",10,"2006",NA
"Arica","No","Venezuela","Hombre",70,"2006",NA
"Arica","No","Cuba","Mujer",13,"2006",NA
"Arica","No","República Dominicana","Mujer",34,"2006",NA
"Arica","Si","Bolivia","Mujer",105,"2006",NA
"Arica","No","Bolivia","Mujer",2083,"2006",NA
"Arica","No sabe/No responde","Bolivia","Mujer",97,"2006",NA
"Arica","No","Brasil","Mujer",24,"2006",NA
"Arica","No","Colombia","Mujer",421,"2006",NA
"Arica","No sabe/No responde","Colombia","Mujer",34,"2006",NA
"Arica","Si","Ecuador","Mujer",14,"2006",NA
"Arica","No","Ecuador","Mujer",39,"2006",NA
"Arica","No","Paraguay","Mujer",23,"2006",NA
"Arica","No","Perú","Mujer",1562,"2006",NA
"Arica","No sabe/No responde","Perú","Mujer",77,"2006",NA
"Arica","No","Venezuela","Mujer",140,"2006",NA
"Arica","No","No Responde","Mujer",27,"2006",NA
"Camarones","No","Bolivia","Hombre",38,"2006",NA
"Camarones","No","Perú","Hombre",36,"2006",NA
"Camarones","No","Bolivia","Mujer",72,"2006",NA
"Camarones","No","Perú","Mujer",19,"2006",NA
"Putre","No","Bolivia","Hombre",26,"2006",NA
"Putre","No","Perú","Hombre",8,"2006",NA
"Putre","No","Bolivia","Mujer",39,"2006",NA
"Putre","No","Perú","Mujer",3,"2006",NA
"Chillán","No","España","Hombre",143,"2006",NA
"Chillán","No","Estados Unidos","Hombre",92,"2006",NA
"Chillán","No","Haití","Hombre",734,"2006",NA
"Chillán","No","Argentina","Hombre",46,"2006",NA
"Chillán","No","Perú","Hombre",46,"2006",NA
"Chillán","No","Uruguay","Hombre",71,"2006",NA
"Chillán","No","Venezuela","Hombre",363,"2006",NA
"Chillán","No","Suecia","Mujer",46,"2006",NA
"Chillán","No","Estados Unidos","Mujer",71,"2006",NA
"Chillán","No","Haití","Mujer",228,"2006",NA
"Chillán","No","Venezuela","Mujer",254,"2006",NA
"Chillán Viejo","No","Bolivia","Mujer",227,"2006",NA
"Chillán Viejo","No","Brasil","Mujer",121,"2006",NA
"Pinto","No","Suiza","Hombre",34,"2006",NA
"Pinto","No","Ecuador","Mujer",92,"2006",NA
"Cobquecura","No","Paraguay","Hombre",30,"2006",NA
"Cobquecura","No","Venezuela","Mujer",30,"2006",NA
"Coelemu","Si","Alemania","Mujer",42,"2006",NA
"San Carlos","No","Venezuela","Hombre",64,"2006",NA
"San Carlos","Si","Costa Rica","Mujer",63,"2006",NA
"San Carlos","No","Venezuela","Mujer",64,"2006",NA
"Coihueco","No","Argentina","Mujer",82,"2006",NA
"San Fabián","No","Argentina","Hombre",6,"2006",NA
"San Fabián","No","Colombia","Hombre",9,"2006",NA
